node_index,q,weight_renters,weight_owners,north_dakota_score,north_dakota_gap,runner_up_name,wyoming_score,wyoming_rank,above_wyoming_name,above_minus_wyoming_score,below_wyoming_name,wyoming_minus_below_score,maximum_displacement_vs_q1,normalized_maximum_displacement
0,1.0,0.35135769326251476,0.6486423067374852,0.712036696642023,0.04612257674387665,South Dakota,0.5986177795621171,22,New Mexico,9.552136401846933e-05,Montana,0.0026460361558646728,0,0.0
1,1.015625,0.35194430452469716,0.6480556954753028,0.7118787434724146,0.04613465031770381,South Dakota,0.5984615815328004,22,New Mexico,2.9549352440372267e-05,Montana,0.002643257125352183,0,0.0
2,1.03125,0.35262362200116887,0.6473763779988311,0.7116957183342119,0.046148630962302706,South Dakota,0.5982806224539309,21,Idaho,0.0003975348864939665,New Mexico,4.6927471232582896e-05,1,0.02
3,1.046875,0.35338968865239295,0.646610311347607,0.7114891796622136,0.04616439564681751,South Dakota,0.5980764569131117,21,Idaho,0.0003260341869152361,New Mexico,0.00013327196932078067,1,0.02
4,1.0625,0.35423676523314335,0.6457632347668566,0.7112606256630472,0.046181825802755316,South Dakota,0.5978505804207463,21,Idaho,0.0002468708976408607,New Mexico,0.00022887265169546644,1,0.02
5,1.078125,0.35515932937126615,0.6448406706287338,0.7110114955689959,0.046200807313280245,South Dakota,0.5976044303553979,21,Idaho,0.0001605314975734462,New Mexico,0.0003331428509055767,1,0.02
6,1.09375,0.35615207402019033,0.6438479259798097,0.7107431709169537,0.0462212304885351,South Dakota,0.5973393869757797,21,Idaho,6.748256384703222e-05,New Mexico,0.0004455199295423373,1,0.02
7,1.109375,0.35720990534270985,0.6427900946572901,0.7104569768492631,0.04624299002829779,South Dakota,0.5970567744925361,20,Mississippi,0.0007691216462729633,Idaho,3.182860616268712e-05,2,0.04
8,1.125,0.3583279400805165,0.6416720599194835,0.710154183433528,0.04626598497319767,South Dakota,0.5967578621934704,20,Mississippi,0.0006243536281524964,Idaho,0.00013697339410900788,2,0.04
9,1.140625,0.35950150246123486,0.6404984975387651,0.7098360069987038,0.04629011864564647,South Dakota,0.5964438656162687,20,Mississippi,0.00047210574437406283,Idaho,0.00024754127952064664,2,0.04
10,1.15625,0.36072612069216603,0.639273879307834,0.7095036114848969,0.04631529858157801,South Dakota,0.5961159477630713,20,Mississippi,0.0003129172574808381,Idaho,0.00036313927661923984,2,0.04
11,1.171875,0.3619975230875127,0.6380024769124873,0.7091581098043742,0.046341436454027995,South Dakota,0.5957752203514939,20,Mississippi,0.00014730415421138066,Idaho,0.0004833913876253204,2,0.04
12,1.1875,0.363311633873541,0.636688366126459,0.7088005652113132,0.046368447989531325,South Dakota,0.5954227450969194,19,Pennsylvania,0.002352481857640809,Mississippi,2.4240113458473544e-05,3,0.06
13,1.203125,0.3646645687138212,0.6353354312861788,0.7084319926778405,0.04639625287825888,South Dakota,0.595059535021073,19,Pennsylvania,0.0021799943866530613,Mississippi,0.0002012439089831286,3,0.06
14,1.21875,0.36605262999444327,0.6339473700055567,0.7080533602739033,0.04642477467876305,South Dakota,0.5946865557820711,19,Pennsylvania,0.0020026189806074957,Mississippi,0.00038325671185801546,3,0.06
15,1.234375,0.36747230190684443,0.6325276980931556,0.7076655905485313,0.04645394071815334,South Dakota,0.5943047270213244,19,Pennsylvania,0.0018207742525432336,Mississippi,0.0005698484366302159,3,0.06
16,1.25,0.36892024536365725,0.6310797546363428,0.7072695619100493,0.04648368198846964,South Dakota,0.5939149237228504,19,Pennsylvania,0.0016348596018678219,Mississippi,0.0007606087689625562,3,0.06
17,1.265625,0.3703932927807571,0.6296067072192428,0.7068661100028315,0.04651393303997242,South Dakota,0.5935179775807393,19,Pennsylvania,0.0014452558454870479,Mississippi,0.0009551465175978713,3,0.06
18,1.28125,0.37188844275649074,0.6281115572435093,0.7064560290782181,0.046544631872021736,South Dakota,0.5931146783707174,19,Pennsylvania,0.0012523258339309784,Mississippi,0.0011530889812564338,3,0.06
19,1.296875,0.3734028546768718,0.6265971453231282,0.7060400733572717,0.046575719822170236,South Dakota,0.5927057753219486,19,Pennsylvania,0.001056415053338311,Mississippi,0.0013540813296524234,3,0.06
20,1.3125,0.37493384327339474,0.6250661567266053,0.7056189583831144,0.04660714145404499,South Dakota,0.5922919784854331,19,Pennsylvania,0.0008578522140012534,Mississippi,0.001557785997971517,3,0.06
21,1.328125,0.37647887315799505,0.623521126842005,0.7051933623606653,0.04663884444455213,South Dakota,0.5918739600955706,19,Pennsylvania,0.00065694982605502,Mississippi,0.0017638820942756928,3,0.06
22,1.34375,0.378035553357629,0.621964446642371,0.7047639274817004,0.046670779470891044,South Dakota,0.5914523559216901,19,Pennsylvania,0.0004540047627561439,Mississippi,0.001972064819422026,3,0.06
23,1.359375,0.37960163186894547,0.6203983681310545,0.7043312612332505,0.0467029000978213,South Dakota,0.5910277666065669,19,Pennsylvania,0.000249298811715315,Idaho,0.0021735422916103753,3,0.06
24,1.375,0.38117499025158225,0.6188250097484177,0.7038959376874845,0.04673516266558997,South Dakota,0.5906007589891775,19,Pennsylvania,4.3099214344755055e-05,Idaho,0.0023268980168668074,3,0.06
25,1.390625,0.3827536382767631,0.6172463617232369,0.7034584987713344,0.04676752617887625,South Dakota,0.5901718674091808,18,Minnesota,0.006405756081565461,Pennsylvania,0.0001643408062885765,4,0.08
26,1.40625,0.3843357086460776,0.6156642913539224,0.7030194555142643,0.04679995219708499,South Dakota,0.5897415949908329,18,Minnesota,0.006257539757618669,Pennsylvania,0.0003727815290703873,4,0.08
27,1.421875,0.3859194517936403,0.6140805482063597,0.7025792892727126,0.04683240472627237,South Dakota,0.5893104149042739,18,Minnesota,0.006108781839500477,Pennsylvania,0.0005819962298245773,4,0.08
28,1.4375,0.3875032307832028,0.6124967692167972,0.7021384529298816,0.04686485011296371,South Dakota,0.5888787716023482,18,Minnesota,0.005959634712192297,Pennsylvania,0.0007917706876418018,4,0.08
29,1.453125,0.38908551631027416,0.6109144836897258,0.7016973720696864,0.046897256940079846,South Dakota,0.5884470820313321,18,Minnesota,0.005810242178772795,Pennsylvania,0.001001902702531754,4,0.08
30,1.46875,0.3906648818178846,0.6093351181821154,0.7012564461238165,0.046929595925166434,South Dakota,0.5880157368141503,18,Minnesota,0.00566073979774484,Pennsylvania,0.0012122016244096034,4,0.08
31,1.484375,0.39223999873327825,0.6077600012667218,0.7008160494910072,0.0469618398210877,South Dakota,0.5875851014048706,18,Minnesota,0.0055112552122449365,Pennsylvania,0.0014224878934417928,4,0.08
32,1.5,0.39380963183158785,0.6061903681684122,0.7003765326277488,0.04699396331932226,South Dakota,0.5871555172134517,18,Minnesota,0.0053619084711067355,Pennsylvania,0.001632592591776394,4,0.08
33,1.515625,0.3953726347313917,0.6046273652686083,0.6999382231097964,0.04702594295596518,South Dakota,0.5867273026999027,18,Minnesota,0.0052128123417432,Pennsylvania,0.0018423570066911088,4,0.08
34,1.53125,0.39692794552598964,0.6030720544740104,0.699501426663977,0.04705775702053583,South Dakota,0.5863007544371888,18,Minnesota,0.005064072614819448,Pennsylvania,0.002051632205186449,4,0.08
35,1.546875,0.3984745825532595,0.6015254174467405,0.6990664281699045,0.047089385467646405,South Dakota,0.5858761481423773,18,Minnesota,0.004915788400695065,Pennsylvania,0.0022602786200457414,4,0.08
36,1.5625,0.40001164030607517,0.5999883596939248,0.6986334926313406,0.04712080983158662,South Dakota,0.5854537396756689,18,Minnesota,0.004768052417622792,Montana,0.0024084140656521758,4,0.08
37,1.578125,0.4015382854844553,0.5984617145155446,0.6982028661170405,0.047152013143853644,South Dakota,0.5850337660071039,18,Minnesota,0.00462095127169837,Montana,0.002400721400126704,4,0.08
38,1.59375,0.4030537531898782,0.5969462468101218,0.6977747766710375,0.04718297985363762,South Dakota,0.5846164461508571,18,Minnesota,0.004474565728575741,Montana,0.0023930706147377023,4,0.08
39,1.609375,0.4045573432615602,0.5954426567384399,0.6973494351924057,0.047213695751268436,South Dakota,0.5842019820671629,18,Minnesota,0.004328970976959168,Montana,0.0023854655549784276,4,0.08
40,1.625,0.4060484167538923,0.5939515832461078,0.6969270362846404,0.047244147894606514,South Dakota,0.5837905595320133,18,Minnesota,0.004184236883915671,Montana,0.002377909780532539,4,0.08
41,1.640625,0.40752639255372775,0.5924736074462722,0.6965077590748737,0.047274324538357226,South Dakota,0.5833823489748752,18,Minnesota,0.0040404282420476445,Montana,0.0023704065791420037,4,0.08
42,1.65625,0.4089907441357482,0.5910092558642518,0.6960917680032196,0.047304215066271804,South Dakota,0.5829775062847624,18,Minnesota,0.0038976050085873792,Montana,0.002362958979997387,4,0.08
43,1.671875,0.41044099645374793,0.589559003546252,0.6956792135826086,0.047333809926194625,South Dakota,0.582576173585075,18,Minnesota,0.0037558225364869857,Montana,0.002355569766651966,4,0.08
44,1.6875,0.4118767229653242,0.5881232770346758,0.6952702331295433,0.04736310056790494,South Dakota,0.5821784799776935,18,Minnesota,0.0036151317975849917,Montana,0.002348241489464331,4,0.08
45,1.703125,0.41329754278717257,0.5867024572128274,0.6948649514662468,0.047392079383696606,South Dakota,0.5817845422568737,18,Minnesota,0.0034755795979497517,Montana,0.0023409764775796926,4,0.08
46,1.71875,0.4147031179779429,0.5852968820220571,0.6944634815947418,0.04742073965163429,South Dakota,0.5813944655935445,18,Minnesota,0.0033372087855059185,Montana,0.0023337768504537726,4,0.08
47,1.734375,0.4160931509453992,0.5839068490546008,0.6940659253434239,0.04744907548141819,South Dakota,0.5810083441906575,18,Minnesota,0.003200058450061216,Montana,0.0023266445289303883,4,0.08
48,1.75,0.41746738197446487,0.5825326180255351,0.6936723739867438,0.047477081762785756,South Dakota,0.5806262619102752,18,Minnesota,0.003064164115862855,Montana,0.0023195812458788323,4,0.08
49,1.765625,0.4188255868726038,0.5811744131273963,0.6932829088386362,0.04750475411638044,South Dakota,0.5802482928731202,18,Minnesota,0.002929557926820814,Montana,0.002312588556401707,4,0.08
50,1.78125,0.4201675747288864,0.5798324252711137,0.6928976018203612,0.04753208884700644,South Dakota,0.5798745020313303,18,Minnesota,0.0027962688245403156,Montana,0.002305667847623427,4,0.08
51,1.796875,0.42149318578302036,0.5785068142169797,0.6925165160034464,0.04755908289919486,South Dakota,0.5795049457151913,18,Minnesota,0.0026643227193186014,Montana,0.0022988203480687197,4,0.08
52,1.8125,0.4228022894005778,0.5771977105994222,0.692139706128436,0.04758573381500364,South Dakota,0.579139672154628,18,Minnesota,0.0025337426542626496,Montana,0.0022920471366408846,4,0.08
53,1.828125,0.42409478215063334,0.5759052178493667,0.6917672191001598,0.047612039693966435,South Dakota,0.5787787219762531,18,Minnesota,0.002404548962690156,Montana,0.002285349151213034,4,0.08
54,1.84375,0.4253705859820193,0.5746294140179807,0.6913990944602523,0.047637999155117905,South Dakota,0.578422128676771,18,Minnesota,0.002276759418986196,Montana,0.002278727196839192,4,0.08
55,1.859375,0.4266296464944257,0.5733703535055743,0.6910353648376513,0.04766361130101138,South Dakota,0.5780699190735463,18,Minnesota,0.0021503893830835397,Montana,0.0022721819536013488,4,0.08
56,1.875,0.4278719313006017,0.5721280686993983,0.690676056377808,0.04768887568364932,South Dakota,0.5777221137331389,18,Minnesota,0.002025451938742817,Montana,0.002265713984099582,4,0.08
57,1.890625,0.4290974284759569,0.5709025715240431,0.6903211891513443,0.04771379227225414,South Dakota,0.5773787273786074,18,Minnesota,0.0019019580258096136,Montana,0.0022593237405990063,4,0.08
58,1.90625,0.43030614509192816,0.5696938549080718,0.6899707775428822,0.04773836142279719,South Dakota,0.5770397692763714,18,Minnesota,0.0017799165666313455,Montana,0.0022530115718426558,4,0.08
59,1.921875,0.4314981058295337,0.5685018941704663,0.6896248306207711,0.047762583849211726,South Dakota,0.5767052436034231,18,Minnesota,0.0016593345868045617,Montana,0.0022467777295439584,4,0.08
60,1.9375,0.43267335166961685,0.5673266483303832,0.6892833524884269,0.047786460596217495,South Dakota,0.5763751497956571,18,Minnesota,0.00154021733044174,Montana,0.0022406223745684573,4,0.08
61,1.953125,0.43383193865636577,0.5661680613436343,0.688946342617989,0.04780999301368549,South Dakota,0.5760494828780807,18,Minnesota,0.0014225683701326597,Montana,0.0022345455828165495,4,0.08
62,1.96875,0.43497393673078144,0.5650260632692186,0.6886137961669876,0.04783318273246806,South Dakota,0.5757282337776506,18,Minnesota,0.0013063897117775447,Montana,0.0022285473508171227,4,0.08
63,1.984375,0.4360994286308624,0.5639005713691376,0.6882857042787026,0.0478560316416311,South Dakota,0.5754113896194653,18,Minnesota,0.0011916818944739394,Montana,0.0022226276010454127,4,0.08
64,2.0,0.4372085088553664,0.5627914911446336,0.6879620543668824,0.04787854186701934,South Dakota,0.5750989340070238,18,Minnesota,0.0010784440856299593,Montana,0.002216786186971742,4,0.08
65,2.015625,0.43830128268811386,0.5616987173118861,0.6876428303854728,0.04790071575109134,South Dakota,0.5747908472872484,18,Minnesota,0.0009666741714765559,Montana,0.0022110228978563518,4,0.08
66,2.03125,0.4393778652798982,0.5606221347201018,0.687328013083992,0.047922555833960656,South Dakota,0.5744871068009432,18,Minnesota,0.0008563688431511007,Montana,0.00220533746329743,4,0.08
67,2.046875,0.440438380785167,0.559561619214833,0.6870175802491725,0.047944064835586664,South Dakota,0.574187687119345,18,Minnesota,0.000747523678521711,Montana,0.002199729557541996,4,0.08
68,2.0625,0.441482961550747,0.5585170384492529,0.6867115069334683,0.04796524563905202,South Dakota,0.5738925602674033,18,Minnesota,0.000640133219913408,Montana,0.0021941988035728555,4,0.08
69,2.078125,0.44251174735398197,0.557488252646018,0.6864097656710177,0.04798610127487768,South Dakota,0.5736016959344018,18,Minnesota,0.0005341910479014222,Montana,0.002188744776975615,4,0.08
70,2.09375,0.44352488468775947,0.5564751153122406,0.6861123266816224,0.04800663490631529,South Dakota,0.57331506167252,18,Minnesota,0.0004296898513271863,Montana,0.0021833670096034208,4,0.08
71,2.109375,0.4445225260900035,0.5554774739099965,0.6858191580632927,0.04802684981557093,South Dakota,0.5730326230839045,18,Minnesota,0.0003266214936920031,Montana,0.002178064993038187,4,0.08
72,2.125,0.4455048295153055,0.5544951704846944,0.6855302259738943,0.04804674939090914,South Dakota,0.572754343996808,18,Minnesota,0.00022497707608004625,Montana,0.002172838181865422,4,0.08
73,2.140625,0.4464719577464709,0.553528042253529,0.6852454948023994,0.04806633711458952,South Dakota,0.5724801866313253,18,Minnesota,0.00012474699675479872,Montana,0.002167685996767532,4,0.08
74,2.15625,0.44742407784384497,0.552575922156155,0.6849649273302442,0.04808561655159094,South Dakota,0.5722101117552424,18,Minnesota,2.5921007572260457e-05,Montana,0.0021626078274430416,4,0.08
75,2.171875,0.4483613606303895,0.5516386393696104,0.6846884848832631,0.04810459133908307,South Dakota,0.5719440788304895,16,Tennessee,0.008557134802110844,Alabama,4.655335508707559e-05,6,0.12
76,2.1875,0.4492839802105582,0.5507160197894418,0.6844161274746619,0.04812326517660004,South Dakota,0.5716820461506726,16,Tennessee,0.008426373174840296,Alabama,0.0001628517940817087,6,0.12
77,2.203125,0.45019211352111665,0.5498078864788833,0.6841478139394648,0.04814164181687919,South Dakota,0.5714239709701368,16,Tennessee,0.008297461151854701,Minnesota,0.0002622434961718767,6,0.12
78,2.21875,0.45108593991213963,0.5489140600878604,0.6838835020608655,0.048159725057330016,South Dakota,0.571169809624996,16,Tennessee,0.008170382644868024,Minnesota,0.00035556672669323497,6,0.12
79,2.234375,0.4519656407564943,0.5480343592435056,0.6836231486888797,0.04817751873209031,South Dakota,0.5709195176465485,16,Tennessee,0.008045120990280874,Minnesota,0.00044754503519062183,6,0.12
80,2.25,0.4528313990862105,0.5471686009137895,0.6833667098516975,0.04819502670464615,South Dakota,0.5706730498674724,16,Tennessee,0.007921659003896853,Minnesota,0.0005381915249459412,6,0.12
81,2.265625,0.4536833992542033,0.5463166007457967,0.6831141408600997,0.048212252860974414,South Dakota,0.5704303605211871,16,Tennessee,0.007799979032542259,Minnesota,0.0006275196288092477,6,0.12
82,2.28125,0.4545218266199028,0.5454781733800972,0.6828653964053032,0.04822920110318041,South Dakota,0.5701914033347399,16,Tennessee,0.007680063002734272,Minnesota,0.0007155430736278667,6,0.12
83,2.296875,0.45534686725740514,0.5446531327425949,0.6826204306505722,0.04824587534360547,South Dakota,0.5699561316155718,16,Tennessee,0.00756189246652883,Minnesota,0.0008022758467732816,6,0.12
84,2.3125,0.4561587076848388,0.5438412923151612,0.6823791973169238,0.048262279499369676,South Dakota,0.5697244983324854,16,Tennessee,0.007445448644692876,Minnesota,0.0008877321646516556,6,0.12
85,2.328125,0.4569575346137006,0.5430424653862994,0.6821416497632395,0.04827841748732942,South Dakota,0.5694964561911402,16,Tennessee,0.007330712467317868,Minnesota,0.0009719264431119479,6,0.12
86,2.34375,0.4577435347169818,0.5422564652830182,0.6819077410610829,0.04829429321942269,South Dakota,0.5692719577043719,16,Tennessee,0.007217664612002017,Minnesota,0.001054873269654255,6,0.12
87,2.359375,0.4585168944149667,0.5414831055850333,0.681677424064505,0.04830991059837897,South Dakota,0.5690509552576208,16,Tennessee,0.007106285539726476,Minnesota,0.001136587377345899,6,0.12
88,2.375,0.4592777996776445,0.5407222003223555,0.6814506514751111,0.04832527351377103,South Dakota,0.5688334011697496,16,Tennessee,0.006996555528524073,Minnesota,0.001217083620368542,6,0.12
89,2.390625,0.46002643584273034,0.5399735641572697,0.6812273759026457,0.048340385838387956,South Dakota,0.5686192477495005,16,Tennessee,0.0068884547050663825,Minnesota,0.0012963769511028511,6,0.12
90,2.40625,0.46076298744834543,0.5392370125516547,0.6810075499213459,0.04835525142491137,South Dakota,0.5684084473478501,16,Tennessee,0.006781963074260378,Minnesota,0.001374482398683874,6,0.12
91,2.421875,0.461487638079457,0.5385123619205431,0.6807911261222916,0.048369874102871524,South Dakota,0.5682009524064864,16,Tennessee,0.006677060546964708,Minnesota,0.001451415048941529,6,0.12
92,2.4375,0.4622005702272317,0.5377994297727683,0.6805780571619829,0.048384257675869846,South Dakota,0.5679967155026373,16,Tennessee,0.006573726965914295,Minnesota,0.0015271900256612625,6,0.12
93,2.453125,0.4629019651604931,0.5370980348395069,0.6803682958073517,0.0483984059190502,South Dakota,0.5677956893904619,16,Tennessee,0.006471942129949615,Minnesota,0.0016018224730938169,6,0.12
94,2.46875,0.46359200280852747,0.5364079971914726,0.680161794977413,0.04841232257680095,South Dakota,0.5675978270392017,16,Tennessee,0.006371685816637385,Minnesota,0.0016753275396473866,6,0.12
95,2.484375,0.46427086165452275,0.5357291383454773,0.6799585077817448,0.048426011360674814,South Dakota,0.5674030816682871,16,Tennessee,0.006272937803365908,Minnesota,0.0017477203627005444,6,0.12
96,2.5,0.46493871863895575,0.5350612813610442,0.6797583875559835,0.04843947594751241,South Dakota,0.567211406779577,16,Tennessee,0.006175677886996356,Minnesota,0.0018190160544756528,6,0.12
97,2.515625,0.4655957490722993,0.5344042509277008,0.679561387894502,0.04845271997775413,South Dakota,0.5670227561869042,16,Tennessee,0.0060798859021452545,Minnesota,0.0018892296889173599,6,0.12
98,2.53125,0.4662421265564335,0.5337578734435664,0.6793674626804416,0.04846574705393225,South Dakota,0.5668370840430879,16,Tennessee,0.005985541738174338,Minnesota,0.0019583762895176715,6,0.12
99,2.546875,0.4668780229142064,0.5331219770857936,0.679176566113247,0.04847856073932444,South Dakota,0.566654344864568,16,Tennessee,0.0058926253549524965,Minnesota,0.0020264708180394164,6,0.12
100,2.5625,0.4675036081265941,0.532496391873406,0.6789886527338579,0.04849116455676561,South Dakota,0.5664744935538069,16,Tennessee,0.00580111679746298,Montana,0.002054132637003714,6,0.12
101,2.578125,0.46811905027696465,0.5318809497230352,0.6788036774476942,0.048503561987601085,South Dakota,0.5662974854195941,16,Tennessee,0.005710996209312147,Montana,0.002050765977262503,6,0.12
102,2.59375,0.4687245155019661,0.531275484498034,0.678621595545569,0.04851575647077422,South Dakota,0.5661232761953894,16,Tennessee,0.005622243845207153,Montana,0.002047451450339688,6,0.12
103,2.609375,0.4693201679485889,0.5306798320514111,0.6784423627226538,0.04852775140204024,South Dakota,0.5659518220558192,16,Tennessee,0.00553484008245364,Montana,0.002044188275341252,6,0.12
104,2.625,0.4699061697369828,0.5300938302630173,0.6782659350956187,0.04853955013329392,South Dakota,0.5657830796314537,16,Tennessee,0.005448765431534053,Montana,0.0020409756780820354,6,0.12
105,2.640625,0.4704826809286297,0.5295173190713705,0.6780922692180553,0.04855115597200599,South Dakota,0.5656170060219634,16,Tennessee,0.005364000545814429,Montana,0.0020378128913959292,6,0.12
106,2.65625,0.4710498594994984,0.5289501405005016,0.6779213220942935,0.04856257218076032,South Dakota,0.5654535588077687,16,Tennessee,0.0052805262304299605,Montana,0.0020346991554193172,6,0.12
107,2.671875,0.47160786131783156,0.5283921386821685,0.6777530511917125,0.0485738019768831,South Dakota,0.5652926960602733,16,Tennessee,0.00519832345040161,Montana,0.0020316337178425403,6,0.12
108,2.6875,0.4721568401262304,0.5278431598737695,0.6775874144516377,0.048584848532157277,South Dakota,0.5651343763507801,16,Tennessee,0.005117373338016984,Montana,0.002028615834138714,6,0.12
109,2.703125,0.47269694752773006,0.5273030524722699,0.6774243702989212,0.04859571497261872,South Dakota,0.564978558758173,16,Tennessee,0.0050376571995336406,Montana,0.0020256447677655665,6,0.12
110,2.71875,0.47322833297557365,0.5267716670244263,0.6772638776502823,0.04860640437842467,South Dakota,0.5648252028754479,16,Tennessee,0.004959156521230468,Montana,0.002022719790344518,6,0.12
111,2.734375,0.4737511437664061,0.526248856233594,0.6771058959214973,0.048616919783789125,South Dakota,0.5646742688151742,16,Tennessee,0.004881852974854328,Montana,0.0020198401818189993,6,0.12
112,2.75,0.4742655250366374,0.5257344749633626,0.676950385033509,0.048627264176984264,South Dakota,0.5645257172139544,16,Tennessee,0.004805728422497713,Montana,0.002017005230591784,6,0.12
113,2.765625,0.47477161976172927,0.5252283802382708,0.6767973054175296,0.04863744050039531,South Dakota,0.5643795092359559,16,Tennessee,0.004730764920937047,Montana,0.00201421423364212,6,0.12
114,2.78125,0.4752695687581757,0.5247304312418243,0.6766466180192054,0.04864745165063222,South Dakota,0.5642356065755777,16,Tennessee,0.004656944725469958,Montana,0.00201146649662709,6,0.12
115,2.796875,0.4757595106879743,0.5242404893120256,0.6764982843019075,0.04865730047868855,South Dakota,0.5640939714593145,16,Tennessee,0.004584250293279357,Montana,0.0020087613339661026,6,0.12
116,2.8125,0.47624158206537837,0.5237584179346216,0.6763522662492074,0.048666989790144166,South Dakota,0.5639545666468752,16,Tennessee,0.004512664286355328,Montana,0.0020060980689080576,6,0.12
117,2.828125,0.4767159172657507,0.5232840827342493,0.6762085263665958,0.0486765223454122,South Dakota,0.5638173554316104,16,Tennessee,0.004442169573999788,Montana,0.0020034760335860824,6,0.12
118,2.84375,0.47718264853633885,0.522817351463661,0.6760670276824983,0.04868590086001845,South Dakota,0.5636823016403012,16,Tennessee,0.00437274923494646,Montana,0.0020008945690577207,6,0.12
119,2.859375,0.4776419060088124,0.5223580939911876,0.6759277337486382,0.0486951280049196,South Dakota,0.5635493696323562,16,Tennessee,0.004304386559113582,Montana,0.0019983530253332438,6,0.12
120,2.875,0.4780938177134062,0.5219061822865938,0.6757906086397932,0.04870420640684925,South Dakota,0.5634185242984604,16,Tennessee,0.0042370650490193285,Montana,0.0019958507613911936,6,0.12
121,2.890625,0.47853850959452493,0.5214614904054751,0.6756556169529934,0.04871313864869331,South Dakota,0.5632897310587248,16,Tennessee,0.004170768420877047,Montana,0.0019933871451847107,6,0.12
122,2.90625,0.4789761055276799,0.5210238944723201,0.6755227238061996,0.048721927269891,South Dakota,0.5631629558603678,16,Tennessee,0.0041054806053969495,Montana,0.0019909615536357617,6,0.12
123,2.921875,0.47940672733762574,0.5205932726623742,0.6753918948365052,0.04873057476685694,South Dakota,0.5630381651749733,16,Tennessee,0.004041185748310694,Montana,0.001988573372622593,6,0.12
124,2.9375,0.47983049481758605,0.5201695051824138,0.6752630961978949,0.048739083593425936,South Dakota,0.5629153259953578,16,Tennessee,0.003977868210635838,Montana,0.0019862219969558614,6,0.12
125,2.953125,0.48024752574945506,0.5197524742505449,0.6751362945585999,0.04874745616131437,South Dakota,0.5627944058320784,16,Tennessee,0.003915512568705259,Montana,0.0019839068303491025,6,0.12
126,2.96875,0.4806579359248725,0.5193420640751275,0.6750114570980782,0.04875569484059805,South Dakota,0.5626753727096148,16,Tennessee,0.003854103613971205,Montana,0.00198162728537965,6,0.12
127,2.984375,0.48106183916708073,0.5189381608329193,0.6748885515036555,0.048763801960205244,South Dakota,0.5625581951622554,16,Tennessee,0.003793626352601498,Montana,0.001979382783445671,6,0.12
128,3.0,0.4814593473534698,0.5185406526465303,0.6747675459668515,0.048771779808420734,South Dakota,0.5624428422297099,16,Tennessee,0.003734066004888126,Montana,0.001977172754713097,6,0.12
129,3.015625,0.48185057043873236,0.5181494295612675,0.6746484091794229,0.048779630633402404,South Dakota,0.5623292834524795,16,Tennessee,0.003675408004474523,Montana,0.0019749966380606665,6,0.12
130,3.03125,0.4822356164785484,0.5177643835214516,0.6745311103291458,0.04878735664370559,South Dakota,0.562217488867006,16,Tennessee,0.003617637997420431,Montana,0.0019728538810173113,6,0.12
131,3.046875,0.48261459165372894,0.517385408346271,0.6744156190953617,0.04879496000881589,South Dakota,0.5621074290006209,16,Tennessee,0.0035607418411162106,Montana,0.0019707439396952076,6,0.12
132,3.0625,0.482987600294753,0.5170123997052469,0.6743019056443139,0.048802442859689266,South Dakota,0.5619990748663197,16,Tennessee,0.003504705603054603,Montana,0.0019686662787192777,6,0.12
133,3.078125,0.483354744906635,0.516645255093365,0.6741899406242883,0.04880980728929585,South Dakota,0.5618923979573751,16,Tennessee,0.0034495155594784777,Montana,0.00196662037115225,6,0.12
134,3.09375,0.48371612619406384,0.5162838738059361,0.6740796951605859,0.048817055353169936,South Dakota,0.5617873702418132,16,Tennessee,0.0033951581939065667,Montana,0.001964605698414945,6,0.12
135,3.109375,0.48407184308676443,0.5159281569132356,0.6739711408503389,0.04882418906996111,South Dakota,0.5616839641567659,16,Tennessee,0.0033416201955550617,Montana,0.001962621750205895,6,0.12
136,3.125,0.4844219927650274,0.5155780072349726,0.6738642497571934,0.04883121042198968,South Dakota,0.5615821526027154,16,Tennessee,0.003288888457658512,Montana,0.0019606680244144137,6,0.12
137,3.140625,0.48476667068536355,0.5152333293146364,0.6737589944058704,0.04883812135580112,South Dakota,0.5614819089376508,16,Tennessee,0.003236950075700906,Montana,0.001958744027036552,6,0.12
138,3.15625,0.48510597060624217,0.514894029393758,0.6736553477766233,0.04884492378272265,South Dakota,0.5613832069711427,16,Tennessee,0.003185792345566818,Montana,0.0019568492720816177,6,0.12
139,3.171875,0.48543998461387067,0.5145600153861294,0.6735532832996041,0.0488516195794193,South Dakota,0.5612860209583541,16,Tennessee,0.0031354027616181668,Montana,0.001954983281483136,6,0.12
140,3.1875,0.48576880314798304,0.514231196852017,0.6734527748491534,0.048858210588447526,South Dakota,0.5611903255939995,16,Tennessee,0.003085769014704476,Montana,0.0019531455850039237,6,0.12
141,3.203125,0.4860925150276014,0.5139074849723986,0.6733537967380248,0.04886469861880971,South Dakota,0.5610960960062601,16,Tennessee,0.003036878990114733,Montana,0.0019513357201412784,6,0.12
142,3.21875,0.48641120747674077,0.5135887925232593,0.673256323711555,0.04887108544650376,South Dakota,0.5610033077506695,16,Tennessee,0.0029887207654739623,Montana,0.0019495532320310538,6,0.12
143,3.234375,0.4867249661500301,0.5132750338499699,0.6731603309417924,0.04887737281507232,South Dakota,0.5609119368039752,16,Tennessee,0.002941282608595275,Montana,0.001947797673349072,6,0.12
144,3.25,0.4870338751582212,0.5129661248417787,0.6730657940215925,0.04888356243614589,South Dakota,0.5608219595579893,16,Tennessee,0.0028945529752899546,Montana,0.0019460686042134245,6,0.12
145,3.265625,0.4873380170935664,0.5126619829064336,0.6729726889586889,0.04888965598998585,South Dakota,0.5607333528134333,16,Tennessee,0.0028485205071382413,Montana,0.0019443655920849956,6,0.12
146,3.28125,0.48763747305503763,0.5123625269449623,0.6728809921697495,0.04889565512602034,South Dakota,0.5606460937737843,16,Tennessee,0.002803174029236244,Montana,0.0019426882116669875,6,0.12
147,3.296875,0.4879323226733718,0.5120676773266284,0.6727906804744269,0.048901561463376986,South Dakota,0.560560160039135,16,Tennessee,0.0027585025479079928,Montana,0.0019410360448053332,6,0.12
148,3.3125,0.4882226441359235,0.5117773558640766,0.6727017310894052,0.04890737659140987,South Dakota,0.5604755296000659,16,Tennessee,0.002714495248400728,Montana,0.0019394086803883326,6,0.12
149,3.328125,0.488508514211308,0.511491485788692,0.6726141216224594,0.0489131020702237,South Dakota,0.5603921808315422,16,Tennessee,0.002671141492561091,Montana,0.0019378057142444005,6,0.12
150,3.34375,0.48879000827381963,0.5112099917261804,0.6725278300665227,0.048918739431189184,South Dakota,0.5603100924868389,16,Tennessee,0.0026284308164952197,Montana,0.0019362267490431462,6,0.12
151,3.359375,0.48906720032761347,0.5109327996723866,0.6724428347937763,0.0489242901774557,South Dakota,0.5602292436914962,16,Tennessee,0.0025863529282206255,Montana,0.0019346713941930105,6,0.12
152,3.375,0.48934016303063954,0.5106598369693605,0.6723591145497618,0.04892975578445624,South Dakota,0.5601496139373157,16,Tennessee,0.002544897705307525,Montana,0.001933139265741901,6,0.12
153,3.390625,0.4896089677183149,0.510391032281685,0.6722766484475244,0.04893513770040725,South Dakota,0.5600711830763958,16,Tennessee,0.0025040551925192833,Montana,0.001931629986275829,6,0.12
154,3.40625,0.489873684426929,0.510126315573071,0.6721954159617887,0.04894043734680231,South Dakota,0.559993931315215,16,Tennessee,0.0024638155994470834,Montana,0.001930143184820765,6,0.12
155,3.421875,0.49013438191676995,0.5098656180832299,0.6721153969231729,0.04894565611889923,South Dakota,0.5599178392087619,16,Tennessee,0.002424169298149259,Montana,0.0019286784967411652,6,0.12
156,3.4375,0.49039112769496807,0.5096088723050318,0.6720365715124457,0.048950795386200174,South Dakota,0.5598428876547191,16,Tennessee,0.002385106820792182,Montana,0.001927235563641605,6,0.12
157,3.453125,0.490643988038047,0.5093560119619529,0.6719589202548262,0.048955856492925776,South Dakota,0.5597690578877026,16,Tennessee,0.0023466188572968116,Montana,0.0019258140332706342,6,0.12
158,3.46875,0.49089302801417956,0.5091069719858204,0.6718824240143347,0.04896084075848306,South Dakota,0.5596963314735574,16,Tennessee,0.0023086962529929034,Montana,0.0019244135594200795,6,0.12
159,3.484375,0.4911383115051409,0.5088616884948592,0.6718070639881936,0.0489657494779252,South Dakota,0.5596246903037141,16,Tennessee,0.0022713300062853214,Montana,0.0019230338018296766,6,0.12
160,3.5,0.49137990122795894,0.508620098772041,0.6717328217012809,0.04897058392240672,South Dakota,0.5595541165896081,16,Tennessee,0.0022345112663277877,Montana,0.0019216744260912577,6,0.12
161,3.515625,0.49161785875625574,0.5083821412437443,0.6716596790006428,0.04897534533962922,South Dakota,0.5594845928571628,16,Tennessee,0.002198231330712508,Montana,0.0019203351035528282,6,0.12
162,3.53125,0.4918522445412766,0.5081477554587234,0.6715876180500606,0.04898003495428149,South Dakota,0.5594161019413365,16,Tennessee,0.002162481643175007,Montana,0.0019190155112248641,6,0.12
163,3.546875,0.49208311793260945,0.5079168820673906,0.671516621324681,0.048984653968473846,South Dakota,0.5593486269807393,16,Tennessee,0.002127253791312511,Montana,0.001917715331685721,6,0.12
164,3.5625,0.49231053719858864,0.5076894628014114,0.6714466716057064,0.04898920356216396,South Dakota,0.5592821514123153,16,Tennessee,0.0020925395043224215,Montana,0.0019164342529903733,6,0.12
165,3.578125,0.4925345595463838,0.5074654404536161,0.6713777519751482,0.048993684893575584,South Dakota,0.5592166589660975,16,Tennessee,0.0020583306507555577,Montana,0.0019151719685784885,6,0.12
166,3.59375,0.49275524114177394,0.5072447588582261,0.6713098458106457,0.048998099099612835,South Dakota,0.5591521336600294,16,Tennessee,0.0020246192362946003,Montana,0.0019139281771837213,6,0.12
167,3.609375,0.4929726371286066,0.5070273628713935,0.6712429367803485,0.049002447296263685,South Dakota,0.5590885597948596,16,Tennessee,0.001991397401546524,Montana,0.001912702582744119,6,0.12
168,3.625,0.4931868016479418,0.5068131983520582,0.6711770088378679,0.04900673057900162,South Dakota,0.5590259219491078,16,Tennessee,0.0019586574198617868,Montana,0.001911494894314747,6,0.12
169,3.640625,0.49339778785688343,0.5066022121431166,0.6711120462172923,0.04901095002317468,South Dakota,0.5589642049741019,16,Tennessee,0.0019263916951723914,Montana,0.0019103048259785371,6,0.12
170,3.65625,0.49360564794709555,0.5063943520529045,0.6710480334282738,0.04901510668439324,South Dakota,0.558903393989089,16,Tennessee,0.0018945927598538193,Montana,0.0019091320967620229,6,0.12
171,3.671875,0.4938104331630102,0.5061895668369899,0.6709849552511804,0.04901920159890738,South Dakota,0.5588434743764166,16,Tennessee,0.001863253272611276,Montana,0.0019079764305496294,6,0.12
172,3.6875,0.4940121938197246,0.5059878061802755,0.6709227967323186,0.04902323578397971,South Dakota,0.5587844317767892,16,Tennessee,0.0018323660163875877,Montana,0.0019068375559991857,6,0.12
173,3.703125,0.4942109793205908,0.5057890206794091,0.670861543179224,0.04902721023824941,South Dakota,0.5587262520845946,16,Tennessee,0.0018019238962996287,Montana,0.001905715206459102,6,0.12
174,3.71875,0.49440683817450115,0.505593161825499,0.670801180156022,0.049031125942092135,South Dakota,0.5586689214433068,16,Tennessee,0.0017719199375939576,Montana,0.001904609119887879,6,0.12
175,3.734375,0.49459981801286984,0.5054001819871301,0.6707416934788566,0.04903498385797178,South Dakota,0.5586124262409563,16,Tennessee,0.0017423472836340936,Montana,0.0019035190387722833,6,0.12
176,3.75,0.4947899656063163,0.5052100343936837,0.670683069211391,0.04903878493078684,South Dakota,0.5585567531056777,16,Tennessee,0.0017131991939086655,Montana,0.001902444710048412,6,0.12
177,3.765625,0.4949773268810503,0.5050226731189497,0.6706252936603735,0.04904253008820947,South Dakota,0.5585018889013257,16,Tennessee,0.0016844690420666497,Montana,0.0019013858850244203,6,0.12
178,3.78125,0.49516194693496346,0.5048380530650365,0.6705683533712763,0.04904622024101912,South Dakota,0.5584478207231641,16,Tennessee,0.0016561503139805867,Montana,0.0019003423193014735,6,0.12
179,3.796875,0.4953438700534302,0.5046561299465698,0.6705122351240007,0.04904985628342928,South Dakota,0.5583945358936261,16,Tennessee,0.0016282366058338882,Montana,0.0018993137726993625,6,0.12
180,3.8125,0.49552313972482054,0.5044768602751794,0.6704569259286518,0.049053439093408424,South Dakota,0.558342021958145,16,Tennessee,0.0016007216222346798,Montana,0.001898300009182674,6,0.12
181,3.828125,0.4956997986557295,0.5043002013442704,0.6704024130213818,0.04905696953299554,South Dakota,0.5582902666810547,16,Tennessee,0.0015735991743575095,Montana,0.0018973007967844069,6,0.12
182,3.84375,0.49587388878592537,0.5041261112140747,0.6703486838602996,0.04906044844860824,South Dakota,0.5582392580415604,16,Tennessee,0.0015468631781108133,Montana,0.001896315907535584,6,0.12
183,3.859375,0.49604545130302047,0.5039545486969795,0.6702957261214493,0.04906387667134626,South Dakota,0.5581889842297787,16,Tennessee,0.0015205076523294725,Montana,0.0018953451173944202,6,0.12
184,3.875,0.4962145266568706,0.5037854733431294,0.6702435276948551,0.049067255017289035,South Dakota,0.5581394336428442,16,Tennessee,0.0014945267169974574,Montana,0.00189438820617438,6,0.12
185,3.890625,0.4963811545737013,0.5036188454262988,0.6701920766806321,0.049070584287786434,South Dakota,0.5580905948810859,16,Tennessee,0.0014689145914935642,Montana,0.0018934449574761203,6,0.12
186,3.90625,0.49654537406997207,0.5034546259300279,0.6701413613851626,0.049073865269745776,South Dakota,0.5580424567442696,16,Tennessee,0.0014436655928646847,Montana,0.0018925151586204336,6,0.12
187,3.921875,0.49670722346597546,0.5032927765340246,0.6700913703173395,0.04907709873591137,South Dakota,0.5579950082279064,16,Tennessee,0.0014187741341267213,Montana,0.001891598600579858,6,0.12
188,3.9375,0.49686674039917916,0.503133259600821,0.670042092184871,0.04908028544513998,South Dakota,0.5579482385196274,16,Tennessee,0.0013942347225893714,Montana,0.001890695077914839,6,0.12
189,3.953125,0.49702396183731457,0.5029760381626853,0.6699935158906518,0.04908342614267025,South Dakota,0.5579021369956207,16,Tennessee,0.0013700419582097778,Montana,0.001889804388706784,6,0.12
190,3.96875,0.49717892409121384,0.5028210759087862,0.669945630529197,0.04908652156038751,South Dakota,0.5578566932171374,16,Tennessee,0.0013461905319698264,Montana,0.0018889263344971097,6,0.12
191,3.984375,0.4973316628273996,0.5026683371726005,0.669898425383136,0.04908957241708212,South Dakota,0.5578118969270542,16,Tennessee,0.0013226752242800899,Montana,0.0018880607202234057,6,0.12
192,4.0,0.4974822130804346,0.5025177869195654,0.669851889919772,0.04909257941870393,South Dakota,0.5577677380465035,16,Tennessee,0.0012994909034096391,Montana,0.0018872073541585932,6,0.12
193,4.015625,0.49763060926503044,0.5023693907349696,0.6698060137876991,0.04909554325861143,South Dakota,0.5577242066715615,16,Tennessee,0.0012766325239419452,Montana,0.0018863660478501965,6,0.12
194,4.03125,0.4977768851879225,0.5022231148120775,0.6697607868134816,0.04909846461781653,South Dakota,0.55768129307,16,Tennessee,0.0012540951252530963,Montana,0.0018855366160620557,6,0.12
195,4.046875,0.497921074059514,0.502078925940486,0.6697161989983913,0.04910134416522194,South Dakota,0.5576389876780941,16,Tennessee,0.0012318738300192145,Montana,0.0018847188767152634,6,0.12
196,4.0625,0.49806320850529245,0.5019367914947075,0.6696722405152046,0.04910418255785798,South Dakota,0.5575972810974918,16,Tennessee,0.0012099638427454096,Montana,0.0018839126508307658,6,0.12
197,4.078125,0.4982033205770248,0.5017966794229751,0.6696289017050562,0.049106980441110504,South Dakota,0.5575561640921405,16,Tennessee,0.0011883604483208243,Montana,0.0018831177624742956,6,0.12
198,4.09375,0.498341441763731,0.5016585582362689,0.6695861730743511,0.049109738448947726,South Dakota,0.5575156275852707,16,Tennessee,0.0011670590105957723,Montana,0.0018823340387006393,6,0.12
199,4.109375,0.49847760300244415,0.5015223969975559,0.6695440452917318,0.049112457204140036,South Dakota,0.557475662656435,16,Tennessee,0.001146054970987298,Montana,0.0018815613094990136,6,0.12
200,4.125,0.49861183468875836,0.5013881653112415,0.6695025091851007,0.04911513731847639,South Dakota,0.5574362605386045,16,Tennessee,0.0011253438471025001,Montana,0.0018807994077407741,6,0.12
201,4.140625,0.4987441666871688,0.5012558333128311,0.6694615557386985,0.0491177793929769,South Dakota,0.5573974126153168,16,Tennessee,0.001104921231391942,Montana,0.001880048169125792,6,0.12
202,4.15625,0.4988746283412077,0.5011253716587923,0.6694211760902344,0.04912038401810026,South Dakota,0.5573591104178813,16,Tennessee,0.001084782789819605,Montana,0.0018793074321327152,6,0.12
203,4.171875,0.49900324848338073,0.5009967515166194,0.6693813615280707,0.04912295177394721,South Dakota,0.5573213456226332,16,Tennessee,0.0010649242605600406,Montana,0.001878577037967677,6,0.12
204,4.1875,0.4991300554449055,0.5008699445550945,0.6693421034884584,0.04912548323046062,South Dakota,0.5572841100482416,16,Tennessee,0.0010453414527187288,Montana,0.001877856830514335,6,0.12
205,4.203125,0.4992550770652586,0.5007449229347415,0.6693033935528251,0.04912797894761978,South Dakota,0.5572473956530701,16,Tennessee,0.0010260302450693093,Montana,0.0018771466562860217,6,0.12
206,4.21875,0.499378340701532,0.5006216592984679,0.6692652234451121,0.049130439475633,South Dakota,0.5572111945325828,16,Tennessee,0.0010069865848199022,Montana,0.001876446364378448,6,0.12
207,4.234375,0.4994998732376045,0.5005001267623955,0.669227585029163,0.04913286535512529,South Dakota,0.5571754989168054,16,Tennessee,0.0009882064863955264,Montana,0.0018757558064218527,6,0.12
208,4.25,0.49961970109312936,0.5003802989068706,0.6691904703061584,0.049135257117321585,South Dakota,0.5571403011678293,16,Tennessee,0.0009696860302453869,Montana,0.001875074836535262,6,0.12
209,4.265625,0.4997378502323456,0.5002621497676543,0.6691538714121009,0.049137615284227,South Dakota,0.5571055937773672,16,Tennessee,0.0009514213616691469,Montana,0.001874403311281414,6,0.12
210,4.28125,0.4998543461727116,0.5001456538272885,0.6691177806153471,0.04913994036880398,South Dakota,0.5570713693643548,16,Tennessee,0.0009334086896649607,Montana,0.0018737410896234596,6,0.12
211,4.296875,0.49996921399336697,0.500030786006633,0.6690821903141838,0.04914223287514485,South Dakota,0.5570376206725949,16,Tennessee,0.0009156442857982672,Montana,0.0018730880328796662,6,0.12
212,4.3125,0.5000824783434271,0.4999175216565728,0.6690470930344534,0.049144493298641345,South Dakota,0.5570043405684526,16,Tennessee,0.0008981244830899016,Montana,0.0018724440046818946,6,0.12
213,4.328125,0.5001941634501104,0.4998058365498897,0.66901248142722,0.04914672212614968,South Dakota,0.5569715220385897,16,Tennessee,0.0008808456749250793,Montana,0.0018718088709334113,6,0.12
214,4.34375,0.5003042931267041,0.49969570687329584,0.6689783482664838,0.049148919836155436,South Dakota,0.5569391581877452,16,Tennessee,0.0008638043139806983,Montana,0.0018711824997684756,6,0.12
215,4.359375,0.5004128907803718,0.4995871092196282,0.6689446864469347,0.04915108689893033,South Dakota,0.5569072422365577,16,Tennessee,0.0008469969111729592,Montana,0.0018705647615103738,6,0.12
216,4.375,0.5005199794198026,0.49948002058019736,0.6689114889817522,0.04915322377669051,South Dakota,0.5568757675194302,16,Tennessee,0.0008304200346240798,Montana,0.00186995552863356,6,0.12
217,4.390625,0.500625581662711,0.499374418337289,0.6688787490004433,0.04915533092374813,South Dakota,0.5568447274824351,16,Tennessee,0.0008140703086467749,Montana,0.001869354675723356,6,0.12
218,4.40625,0.5007297197431824,0.49927028025681763,0.6688464597467253,0.04915740878666197,South Dakota,0.5568141156812609,16,Tennessee,0.0007979444127478308,Montana,0.0018687620794392013,6,0.12
219,4.421875,0.5008324155188766,0.4991675844811235,0.6688146145764452,0.049159457804383466,South Dakota,0.5567839257791983,16,Tennessee,0.0007820390806486666,Montana,0.0018681776184764631,6,0.12
220,4.4375,0.5009336904780834,0.4990663095219166,0.668783206955541,0.04916147840840179,South Dakota,0.5567541515451631,16,Tennessee,0.0007663510993267675,Montana,0.001867601173529132,6,0.12
221,4.453125,0.5010335657466394,0.4989664342533607,0.668752230458042,0.049163471022883876,South Dakota,0.5567247868517613,16,Tennessee,0.000750877308069331,Montana,0.001867032627255183,6,0.12
222,4.46875,0.5011320620947053,0.4988679379052947,0.6687216787641047,0.049165436064812496,South Dakota,0.5566958256733878,16,Tennessee,0.000735614597550005,Montana,0.001866471864240049,6,0.12
223,4.484375,0.501229199943409,0.49877080005659113,0.6686915456580892,0.049167373944122184,South Dakota,0.5566672620843647,16,Tennessee,0.0007205599089172843,Montana,0.001865918770962871,6,0.12
224,4.5,0.5013249993713539,0.498675000628646,0.6686618250266699,0.049169285063831336,South Dakota,0.5566390902571126,16,Tennessee,0.000705710232904444,Montana,0.001865373235761414,6,0.12
225,4.515625,0.5014194801210006,0.4985805198789995,0.6686325108569846,0.04917116982017222,South Dakota,0.5566113044603616,16,Tennessee,0.0006910626089507987,Montana,0.0018648351487998704,6,0.12
226,4.53125,0.5015126616049168,0.4984873383950832,0.6686035972348158,0.04917302860271833,South Dakota,0.5565838990573919,16,Tennessee,0.0006766141243434998,Montana,0.0018643044020347777,6,0.12
227,4.546875,0.5016045629119065,0.49839543708809364,0.66857507834281,0.04917486179450847,South Dakota,0.5565568685043132,16,Tennessee,0.0006623619133721004,Montana,0.0018637808891842633,6,0.12
228,4.5625,0.5016952028130135,0.4983047971869866,0.6685469484587292,0.04917666977217039,South Dakota,0.556530207348374,16,Tennessee,0.0006483031564997743,Montana,0.0018632645056955166,6,0.12
229,4.578125,0.5017845997674077,0.4982154002325922,0.6685192019537358,0.04917845290603873,South Dakota,0.556503910226305,16,Tennessee,0.0006344350795508547,Montana,0.0018627551487140348,6,0.12
230,4.59375,0.5018727719281536,0.4981272280718464,0.6684918332907109,0.04918021156027319,South Dakota,0.5564779718626951,16,Tennessee,0.0006207549529103629,Montana,0.0018622527170536474,6,0.12
231,4.609375,0.5019597371478608,0.4980402628521392,0.6684648370226052,0.04918194609297355,South Dakota,0.5564523870683981,16,Tennessee,0.0006072600907415238,Montana,0.0018617571111662068,6,0.12
232,4.625,0.502045512984227,0.49795448701577305,0.6684382077908193,0.049183656856292446,South Dakota,0.5564271507389694,16,Tennessee,0.0005939478502164919,Montana,0.0018612682331123898,6,0.12
233,4.640625,0.5021301167054667,0.49786988329453336,0.6684119403236182,0.049185344196544856,South Dakota,0.556402257853136,16,Tennessee,0.0005808156307591794,Montana,0.0018607859865339416,6,0.12
234,4.65625,0.5022135652956335,0.4977864347043665,0.6683860294345727,0.049187008454316894,South Dakota,0.5563777034712925,16,Tennessee,0.0005678608733059587,Montana,0.0018603102766248103,6,0.12
235,4.671875,0.5022958754598366,0.4977041245401635,0.6683604700210337,0.04918864996457173,South Dakota,0.5563534827340277,16,Tennessee,0.0005550810595775779,Montana,0.0018598410101027252,6,0.12
236,4.6875,0.5023770636293527,0.4976229363706473,0.6683352570626331,0.049190269056753055,South Dakota,0.5563295908606815,16,Tennessee,0.0005424737113638445,Montana,0.0018593780951842165,6,0.12
237,4.703125,0.502457145966638,0.4975428540333619,0.6683103856198154,0.04919186605488757,South Dakota,0.5563060231479261,16,Tennessee,0.0005300363898242955,Montana,0.0018589214415558608,6,0.12
238,4.71875,0.5025361383702394,0.49746386162976064,0.6682858508323958,0.04919344127768366,South Dakota,0.5562827749683779,16,Tennessee,0.0005177666947990822,Montana,0.001858470960349412,6,0.12
239,4.734375,0.5026140564796086,0.49738594352039134,0.6682616479181465,0.04919499503863001,South Dakota,0.5562598417692339,16,Tennessee,0.0005056622641337327,Montana,0.0018580265641165994,6,0.12
240,4.75,0.5026909156798219,0.49730908432017806,0.6682377721714106,0.049196527646090615,South Dakota,0.5562372190709367,16,Tennessee,0.0004937207730170146,Montana,0.0018575881668027039,6,0.12
241,4.765625,0.5027667311062051,0.497233268893795,0.6682142189617412,0.049198039403399396,South Dakota,0.5562149024658628,16,Tennessee,0.0004819399333296781,Montana,0.001857155683723355,6,0.12
242,4.78125,0.5028415176488679,0.49715848235113214,0.6681909837325671,0.04919953060895155,South Dakota,0.5561928876170376,16,Tennessee,0.00047031749300596726,Montana,0.001856729031539217,6,0.12
243,4.796875,0.5029152899571488,0.4970847100428512,0.6681680619998851,0.04920100155629392,South Dakota,0.5561711702568757,16,Tennessee,0.0004588512354076757,Montana,0.0018563081282330085,6,0.12
244,4.8125,0.5029880624439719,0.49701193755602807,0.6681454493509741,0.04920245253421307,South Dakota,0.5561497461859439,16,Tennessee,0.0004475389787079731,Montana,0.0018558928930864083,6,0.12
245,4.828125,0.5030598492901177,0.4969401507098823,0.6681231414431378,0.049203883826822614,South Dakota,0.5561286112717498,16,Tennessee,0.00043637857528899815,Montana,0.0018554832466562976,6,0.12
246,4.84375,0.5031306644484104,0.4968693355515896,0.6681011340024677,0.04920529571364696,South Dakota,0.5561077614475516,16,Tennessee,0.0004253679111478892,Montana,0.0018550791107533326,6,0.12
247,4.859375,0.5032005216478225,0.4967994783521774,0.6680794228226321,0.04920668846970566,South Dakota,0.5560871927111931,16,Tennessee,0.0004145049053156935,Montana,0.001854680408420184,6,0.12
248,4.875,0.5032694343974983,0.49673056560250173,0.6680580037636871,0.04920806236559383,South Dakota,0.5560669011239592,16,Tennessee,0.0004037875092877119,Montana,0.001854287063908111,6,0.12
249,4.890625,0.5033374159906995,0.4966625840093004,0.6680368727509092,0.049209417667562816,South Dakota,0.5560468828094546,16,Tennessee,0.0003932137064607266,Montana,0.0018538990026587543,6,0.12
250,4.90625,0.5034044795086723,0.49659552049132766,0.6680160257736537,0.049210754637598275,South Dakota,0.5560271339525032,16,Tennessee,0.00038278151158588347,Montana,0.0018535161512805987,6,0.12
251,4.921875,0.5034706378244393,0.4965293621755607,0.6679954588842295,0.04921207353349699,South Dakota,0.5560076507980697,16,Tennessee,0.00037248897022634786,Montana,0.0018531384375307658,6,0.12
252,4.9375,0.5035359036065175,0.4964640963934826,0.6679751681968,0.04921337460894204,South Dakota,0.5559884296501993,16,Tennessee,0.0003623341582296158,Montana,0.0018527657902938088,6,0.12
253,4.953125,0.5036002893225628,0.49639971067743716,0.6679551498863017,0.049214658113576504,South Dakota,0.5559694668709819,16,Tennessee,0.0003523151812060421,Montana,0.0018523981395623945,6,0.12
254,4.96875,0.5036638072429449,0.49633619275705515,0.6679354001873853,0.049215924293076085,South Dakota,0.5559507588795318,16,Tennessee,0.00034243017401880405,Montana,0.0018520354164182073,6,0.12
255,4.984375,0.5037264694442499,0.4962735305557501,0.6679159153933751,0.049217173389219826,South Dakota,0.5559323021509894,16,Tennessee,0.0003326773002838568,Montana,0.0018516775530130758,6,0.12
256,5.0,0.5037882878127178,0.4962117121872821,0.66789669185525,0.049218405639959606,South Dakota,0.5559140932155415,16,Tennessee,0.0003230547518764393,Montana,0.0018513244825503206,6,0.12
257,5.015625,0.5038492740476113,0.4961507259523888,0.6678777259806419,0.049219621279488535,South Dakota,0.5558961286574603,16,Tennessee,0.00031356074844923754,Montana,0.001850976139267213,6,0.12
258,5.03125,0.5039094396645185,0.4960905603354815,0.6678590142328535,0.0492208205383069,South Dakota,0.5558784051141591,16,Tennessee,0.0003041935369593185,Montana,0.0018506324584161016,6,0.12
259,5.046875,0.5039687959985946,0.4960312040014055,0.6678405531298962,0.049222003643289325,South Dakota,0.5558609192752693,16,Tennessee,0.0002949513912017254,Montana,0.001850293376247869,6,0.12
260,5.0625,0.5040273542077369,0.4959726457922632,0.6678223392435438,0.04922317081774752,South Dakota,0.5558436678817313,16,Tennessee,0.00028583261135306515,Montana,0.0018499588299941694,6,0.12
261,5.078125,0.5040851252757014,0.4959148747242985,0.667804369198405,0.04922432228149343,South Dakota,0.5558266477249051,16,Tennessee,0.0002768355235248654,Montana,0.0018496287578504411,6,0.12
262,5.09375,0.5041421200151578,0.49585787998484215,0.6677866396710147,0.049225458250901855,South Dakota,0.5558098556456976,16,Tennessee,0.00026795847932126193,Montana,0.0018493030989609194,6,0.12
263,5.109375,0.5041983490706856,0.4958016509293145,0.6677691473889388,0.04922657893896987,South Dakota,0.5557932885337045,16,Tennessee,0.0002591998554093422,Montana,0.0018489817933999841,6,0.12
264,5.125,0.5042538229217132,0.49574617707828694,0.6677518891299004,0.04922768455537774,South Dakota,0.55577694332637,16,Tennessee,0.00025055805309381896,Montana,0.0018486647821580604,6,0.12
265,5.140625,0.5043085518853995,0.49569144811460053,0.6677348617209179,0.0492287753065449,South Dakota,0.5557608170081634,16,Tennessee,0.00024203149790102962,Montana,0.001848352007126075,6,0.12
266,5.15625,0.5043625461194606,0.49563745388053937,0.6677180620374639,0.04922985139568958,South Dakota,0.5557449066097687,16,Tennessee,0.0002336186391714845,Montana,0.0018480434110783595,6,0.12
267,5.171875,0.5044158156249434,0.4955841843750566,0.6677014870026345,0.04923091302288274,South Dakota,0.5557292092072909,16,Tennessee,0.00022531794965718888,Montana,0.0018477389376593267,6,0.12
268,5.1875,0.5044683702489431,0.49553162975105686,0.6676851335863386,0.04923196038510402,South Dakota,0.5557137219214773,16,Tennessee,0.00021712792512895707,Montana,0.0018474385313683728,6,0.12
269,5.203125,0.5045202196872718,0.4954797803127282,0.6676689988045008,0.04923299367629519,South Dakota,0.5556984419169534,16,Tennessee,0.00020904708398983285,Montana,0.0018471421375446662,6,0.12
270,5.21875,0.5045713734870746,0.4954286265129254,0.6676530797182778,0.04923401308741393,South Dakota,0.5556833664014726,16,Tennessee,0.00020107396689494905,Montana,0.0018468497023540476,6,0.12
271,5.234375,0.504621841049396,0.495378158950604,0.6676373734332911,0.04923501880648362,South Dakota,0.5556684926251807,16,Tennessee,0.0001932071363798249,Montana,0.0018465611727738196,6,0.12
272,5.25,0.5046716316316976,0.4953283683683024,0.6676218770988742,0.049236011018646275,South Dakota,0.5556538178798931,16,Tennessee,0.00018544517649377035,Montana,0.0018462764965796463,6,0.12
273,5.265625,0.5047207543503276,0.4952792456496725,0.6676065879073321,0.04923698990621106,South Dakota,0.5556393394983874,16,Tennessee,0.00017778669244084,Montana,0.0018459956223328966,6,0.12
274,5.28125,0.5047692181829433,0.49523078181705676,0.6675915030932152,0.04923795564870381,South Dakota,0.555625054853707,16,Tennessee,0.00017023031022822543,Montana,0.0018457184993661002,6,0.12
275,5.296875,0.504817031970889,0.495182968029111,0.6675766199326085,0.049238908422914895,South Dakota,0.555610961358479,16,Tennessee,0.00016277467631886644,Montana,0.0018454450777702913,6,0.12
276,5.3125,0.5048642044215269,0.4951357955784732,0.6675619357424303,0.04923984840294515,South Dakota,0.5555970564642453,16,Tennessee,0.00015541845729172277,Montana,0.001845175308383129,6,0.12
277,5.328125,0.5049107441105247,0.4950892558894753,0.6675474478797472,0.04924077576025432,South Dakota,0.5555833376608041,16,Tennessee,0.00014816033950892926,Montana,0.0018449091427757969,6,0.12
278,5.34375,0.5049566594841013,0.49504334051589877,0.6675331537411007,0.04924169066370421,South Dakota,0.5555698024755664,16,Tennessee,0.0001409990287868368,Montana,0.0018446465332403461,6,0.12
279,5.359375,0.5050019588612276,0.4949980411387724,0.6675190507618445,0.0492425932796039,South Dakota,0.5555564484729215,16,Tennessee,0.00013393325007537982,Montana,0.0018443874327784826,6,0.12
280,5.375,0.5050466504357884,0.4949533495642115,0.6675051364154971,0.04924348377175347,South Dakota,0.5555432732536171,16,Tennessee,0.0001269617471408857,Montana,0.0018441317950893543,6,0.12
281,5.390625,0.5050907422787027,0.49490925772129735,0.6674914082131039,0.04924436230148632,South Dakota,0.5555302744541483,16,Tennessee,0.00012008328225698861,Montana,0.001843879574557561,6,0.12
282,5.40625,0.5051342423400028,0.4948657576599973,0.6674778637026115,0.049245229027711446,South Dakota,0.5555174497461604,16,Tennessee,0.00011329663589920713,Montana,0.0018436307262431617,6,0.12
283,5.421875,0.5051771584508772,0.4948228415491228,0.667464500468254,0.04924608410695419,South Dakota,0.5555047968358598,16,Tennessee,0.00010660060644585023,Montana,0.001843385205868353,6,0.12
284,5.4375,0.505219498325673,0.4947805016743269,0.6674513161299509,0.049246927693397,South Dakota,0.5554923134634393,16,Tennessee,9.999400988502938e-05,Montana,0.0018431429698083646,6,0.12
285,5.453125,0.5052612695638626,0.49473873043613736,0.6674383083427146,0.049247759938919056,South Dakota,0.5554799974025106,16,Tennessee,9.347567952433522e-05,Montana,0.0018429039750801346,6,0.12
286,5.46875,0.5053024796519722,0.49469752034802783,0.6674254747960696,0.049248580993135005,South Dakota,0.5554678464595492,16,Tennessee,8.704446570906299e-05,Montana,0.0018426681793309863,6,0.12
287,5.484375,0.5053431359654751,0.49465686403452497,0.6674128132134828,0.04924939100343273,South Dakota,0.5554558584733488,16,Tennessee,8.069923554399061e-05,Montana,0.0018424355408294124,6,0.12
288,5.5,0.5053832457706503,0.4946167542293497,0.6674003213518026,0.04925019011501097,South Dakota,0.5554440313144862,16,Tennessee,7.443887261882054e-05,Montana,0.0018422060184536404,6,0.12
289,5.515625,0.5054228162264062,0.49457718377359383,0.6673879970007103,0.04925097847091675,South Dakota,0.5554323628847951,16,Tennessee,6.826227674106011e-05,Montana,0.0018419795716829723,6,0.12
290,5.53125,0.5054618543860697,0.4945381456139303,0.6673758379821795,0.049251756212080555,South Dakota,0.5554208511168515,16,Tennessee,6.21683636710113e-05,Montana,0.0018417561605869048,6,0.12
291,5.546875,0.505500367199144,0.494499632800856,0.6673638421499464,0.04925252347735176,South Dakota,0.5554094939734648,16,Tennessee,5.615606486453206e-05,Montana,0.0018415357458160253,6,0.12
292,5.5625,0.5055383615130321,0.49446163848696784,0.6673520073889894,0.04925328040353394,South Dakota,0.5553982894471821,16,Tennessee,5.0224327217796016e-05,Montana,0.0018413182885919088,6,0.12
293,5.578125,0.5055758440747301,0.49442415592526984,0.6673403316150184,0.049254027125418265,South Dakota,0.5553872355597997,16,Tennessee,4.4372112816937204e-05,Montana,0.0018411037506991246,6,0.12
294,5.59375,0.5056128215324878,0.4943871784675122,0.6673288127739727,0.04925476377581717,South Dakota,0.5553763303618826,16,Tennessee,3.859839869468917e-05,Montana,0.0018408920944739116,6,0.12
295,5.609375,0.5056493004374402,0.4943506995625599,0.6673174488415287,0.049255490485598075,South Dakota,0.5553655719322954,16,Tennessee,3.2902176586691034e-05,Montana,0.0018406832827975173,6,0.12
296,5.625,0.5056852872452081,0.49431471275479183,0.6673062378226151,0.04925620738371339,South Dakota,0.5553549583777377,16,Tennessee,2.7282452697230397e-05,Montana,0.0018404772790858726,6,0.12
297,5.640625,0.5057207883174705,0.4942792116825296,0.6672951777509397,0.04925691459723491,South Dakota,0.5553444878322933,16,Tennessee,2.173824746520836e-05,Montana,0.0018402740472815982,6,0.12
298,5.65625,0.5057558099235061,0.49424419007649384,0.6672842666885206,0.049257612251382255,South Dakota,0.5553341584569813,16,Tennessee,1.6268595336432767e-05,Montana,0.0018400735518455669,6,0.12
299,5.671875,0.5057903582417097,0.49420964175829035,0.6672735027252295,0.04925830046955526,South Dakota,0.5553239684393205,16,Tennessee,1.0872544538909068e-05,Montana,0.0018398757577471336,6,0.12
300,5.6875,0.5058244393610778,0.49417556063892215,0.6672628839783409,0.04925897937336321,South Dakota,0.5553139159928989,16,Tennessee,5.549156862572069e-06,Montana,0.0018396806304584734,6,0.12
301,5.703125,0.5058580592826702,0.4941419407173298,0.6672524085920906,0.04925964908265357,South Dakota,0.5553039993569522,16,Tennessee,2.975074426814217e-07,Montana,0.0018394881359447002,6,0.12
302,5.71875,0.5058912239210425,0.49410877607895753,0.6672420747372414,0.04926030971554218,South Dakota,0.5552942167959476,15,Nebraska,0.00475052146409527,Tennessee,4.883315452675063e-06,7,0.14
303,5.734375,0.505923939105654,0.49407606089434586,0.6672318806106561,0.04926096138843983,South Dakota,0.555284566599179,15,Nebraska,0.004747599557165638,Tennessee,9.994210632191525e-06,7,0.14
304,5.75,0.5059562105822502,0.4940437894177498,0.6672218244348802,0.049261604216081945,South Dakota,0.555275047080366,15,Nebraska,0.004744717131687892,Tennessee,1.5036064185958153e-05,7,0.14
305,5.765625,0.5059880440142192,0.4940119559857809,0.6672119044577289,0.049262238311554296,South Dakota,0.5552656565772608,15,Nebraska,0.00474187368782486,Tennessee,2.0009749687077694e-05,7,0.14
306,5.78125,0.506019444983925,0.4939805550160749,0.6672021189518843,0.04926286378632094,South Dakota,0.5552563934512634,15,Nebraska,0.0047390687327932834,Tennessee,2.491612839161661e-05,7,0.14
307,5.796875,0.5060504189940165,0.4939495810059835,0.6671924662144977,0.04926348075024922,South Dakota,0.5552472560870427,15,Nebraska,0.004736301780754015,Tennessee,2.9756049430784692e-05,7,0.14
308,5.8125,0.5060809714687112,0.4939190285312888,0.6671829445668,0.04926408931163717,South Dakota,0.5552382428921638,15,Nebraska,0.004733572352700888,Tennessee,3.453035000400284e-05,7,0.14
309,5.828125,0.5061111077550591,0.49388889224494104,0.6671735523537192,0.04926468957723762,South Dakota,0.5552293522967233,15,Nebraska,0.00473087997635413,Tennessee,3.9239855566419735e-05,7,0.14
310,5.84375,0.5061408331241805,0.49385916687581966,0.667164287943503,0.04926528165228361,South Dakota,0.5552205827529896,15,Nebraska,0.004728224186052787,Tennessee,4.388538001365294e-05,7,0.14
311,5.859375,0.5061701527724846,0.4938298472275155,0.66715514972735,0.04926586564051283,South Dakota,0.5552119327350512,15,Nebraska,0.004725604522651916,Tennessee,4.8467725863865496e-05,7,0.14
312,5.875,0.5061990718228644,0.4938009281771355,0.6671461361190469,0.049266441644191805,South Dakota,0.5552034007384687,15,Nebraska,0.004723020533420663,Tennessee,5.298768443484647e-05,7,0.14
313,5.890625,0.5062275953258712,0.4937724046741287,0.667137245554611,0.04926700976413889,South Dakota,0.5551949852799368,15,Nebraska,0.004720471771940016,Tennessee,5.7446036020869506e-05,7,0.14
314,5.90625,0.5062557282608681,0.49374427173913193,0.6671284764919395,0.049267570099747915,South Dakota,0.5551866848969476,15,Nebraska,0.004717957798005323,Tennessee,6.184355006355613e-05,7,0.14
315,5.921875,0.5062834755371618,0.4937165244628382,0.6671198274104664,0.04926812274901149,South Dakota,0.5551784981474633,15,Nebraska,0.004715478177529486,Tennessee,6.618098532240602e-05,7,0.14
316,5.9375,0.5063108419951172,0.4936891580048829,0.6671112968108224,0.04926866780854178,South Dakota,0.5551704236095943,15,Nebraska,0.004713032482445811,Tennessee,7.045909004077533e-05,7,0.14
317,5.953125,0.5063378324072489,0.493662167592751,0.6671028832145036,0.04926920537359358,South Dakota,0.55516245988128,15,Nebraska,0.004710620290616752,Tennessee,7.467860210830235e-05,7,0.14
318,5.96875,0.506364451479296,0.49363554852070396,0.667094585163545,0.04926973553808611,South Dakota,0.5551546055799799,15,Nebraska,0.004708241185739426,Tennessee,7.884024922377719e-05,7,0.14
319,5.984375,0.5063907038512764,0.49360929614872373,0.6670864012201989,0.049270258394623734,South Dakota,0.5551468593423652,15,Nebraska,0.00470589475725669,Tennessee,8.294474905068405e-05,7,0.14
320,6.0,0.5064165940985227,0.49358340590147737,0.6670783299666189,0.04927077403451641,South Dakota,0.5551392198240195,15,Nebraska,0.004703580600267765,Tennessee,8.699280937418674e-05,7,0.14
321,6.015625,0.5064421267327014,0.49355787326729866,0.6670703700045513,0.04927128254780078,South Dakota,0.5551316856991434,15,Nebraska,0.004701298315439417,Tennessee,9.098512825389538e-05,7,0.14
322,6.03125,0.506467306202812,0.49353269379718806,0.6670625199550295,0.04927178402325949,South Dakota,0.555124255660263,15,Nebraska,0.0046990475089225825,Tennessee,9.492239417141501e-05,7,0.14
323,6.046875,0.5064921368961699,0.49350786310383,0.6670547784580754,0.049272278548442405,South Dakota,0.5551169284179457,15,Nebraska,0.004696827792265323,Tennessee,9.880528618066986e-05,7,0.14
324,6.0625,0.5065166231393724,0.4934833768606276,0.6670471441724042,0.049272766209683905,South Dakota,0.5551097027005194,15,Nebraska,0.004694638782331895,Tennessee,0.00010263447405112203,7,0.14
325,6.078125,0.5065407691992464,0.49345923080075366,0.6670396157751362,0.04927324709212355,South Dakota,0.5551025772537969,15,Nebraska,0.00469248010121881,Tennessee,0.00010641061841087929,7,0.14
326,6.09375,0.5065645792837808,0.49343542071621915,0.6670321919615122,0.0492737212797244,South Dakota,0.555095550840805,15,Nebraska,0.004690351376176682,Tennessee,0.00011013437088636113,7,0.14
327,6.109375,0.5065880575430431,0.4934119424569568,0.6670248714446142,0.049274188855290224,South Dakota,0.5550886222415188,15,Nebraska,0.004688252239530621,Tennessee,0.00011380637423963336,7,0.14
328,6.125,0.5066112080700783,0.4933887919299218,0.6670176529550913,0.0492746499004858,South Dakota,0.5550817902526004,15,Nebraska,0.00468618232860174,Tennessee,0.00011742726250496549,7,0.14
329,6.140625,0.5066340349017932,0.49336596509820685,0.6670105352408894,0.04927510449585282,South Dakota,0.5550750536871408,15,Nebraska,0.004684141285632548,Tennessee,0.00012099766112039223,7,0.14
330,6.15625,0.5066565420198266,0.49334345798017337,0.6670035170669862,0.04927555272082784,South Dakota,0.5550684113744081,15,Nebraska,0.004682128757710902,Tennessee,0.00012451818705916384,7,0.14
331,6.171875,0.5066787333514022,0.49332126664859777,0.6669965972151308,0.049275994653759536,South Dakota,0.5550618621595992,15,Nebraska,0.004680144396696506,Tennessee,0.00012798944895842101,7,0.14
332,6.1875,0.5067006127701684,0.4932993872298316,0.6669897744835869,0.049276430371925306,South Dakota,0.5550554049035955,15,Nebraska,0.00467818785914853,Tennessee,0.00013141204724564925,7,0.14
333,6.203125,0.5067221840970227,0.49327781590297726,0.6669830476868813,0.0492768599515484,South Dakota,0.5550490384827228,15,Nebraska,0.004676258806254885,Tennessee,0.00013478657426257978,7,0.14
334,6.21875,0.5067434511009229,0.4932565488990771,0.6669764156555565,0.04927728346781346,South Dakota,0.555042761788516,15,Nebraska,0.004674356903761057,Tennessee,0.00013811361438720304,7,0.14
335,6.234375,0.5067644174996833,0.4932355825003167,0.6669698772359268,0.049277700994882934,South Dakota,0.5550365737274872,15,Nebraska,0.004672481821902497,Tennessee,0.00014139374415511607,7,0.14
336,6.25,0.5067850869607584,0.49321491303924164,0.6669634312898389,0.04927811260591208,South Dakota,0.5550304732208972,15,Nebraska,0.004670633235336008,Tennessee,0.0001446275323758739,7,0.14
337,6.265625,0.5068054631020119,0.49319453689798803,0.6669570766944376,0.04927851837306607,South Dakota,0.5550244592045321,15,Nebraska,0.004668810823074132,Tennessee,0.00014781554025045107,7,0.14
338,6.28125,0.5068255494924739,0.4931744505075261,0.6669508123419334,0.04927891836753295,South Dakota,0.5550185306284836,15,Nebraska,0.0046670142684184235,Tennessee,0.00015095832148581678,7,0.14
339,6.296875,0.506845349653084,0.49315465034691597,0.6669446371393755,0.04927931265953989,South Dakota,0.5550126864569309,15,Nebraska,0.004665243258896279,Tennessee,0.0001540564224050689,7,0.14
340,6.3125,0.5068648670574228,0.49313513294257716,0.6669385500084287,0.04927970131836823,South Dakota,0.5550069256679295,15,Nebraska,0.004663497486196988,Tennessee,0.00015711038206078776,7,0.14
341,6.328125,0.5068841051324303,0.49311589486756974,0.6669325498851528,0.04928008441236631,South Dakota,0.5550012472532013,15,Nebraska,0.00466177664610945,Tennessee,0.0001601207323416176,7,0.14
342,6.34375,0.5069030672591124,0.4930969327408876,0.6669266357197868,0.04928046200896552,South Dakota,0.554995650217928,15,Nebraska,0.004660080438462,Tennessee,0.00016308799807951413,7,0.14
343,6.359375,0.5069217567732349,0.4930782432267651,0.6669208064765365,0.0492808341746922,South Dakota,0.5549901335805507,15,Nebraska,0.004658408567060457,Tennessee,0.00016601269715543765,7,0.14
344,6.375,0.5069401769660071,0.4930598230339928,0.6669150611333653,0.04928120097518307,South Dakota,0.5549846963725691,15,Nebraska,0.0046567607396306165,Tennessee,0.00016889534060160472,7,0.14
345,6.390625,0.5069583310847525,0.4930416689152475,0.6669093986817888,0.04928156247519766,South Dakota,0.5549793376383475,15,Nebraska,0.004655136667758963,Tennessee,0.00017173643270451677,7,0.14
346,6.40625,0.5069762223335685,0.49302377766643146,0.6669038181266725,0.0492819187386323,South Dakota,0.5549740564349211,15,Nebraska,0.004653536066835717,Tennessee,0.00017453647110332593,7,0.14
347,6.421875,0.5069938538739758,0.4930061461260242,0.6668983184860338,0.04928226982853223,South Dakota,0.5549688518318079,15,Nebraska,0.004651958655999322,Tennessee,0.00017729594688953298,7,0.14
348,6.4375,0.5070112288255558,0.4929887711744441,0.6668928987908451,0.049282615807105024,South Dakota,0.5549637229108222,15,Nebraska,0.004650404158079491,Tennessee,0.00018001534470180047,7,0.14
349,6.453125,0.5070283502665786,0.49297164973342134,0.6668875580848432,0.049282956735732686,South Dakota,0.5549586687658921,15,Nebraska,0.004648872299543805,Tennessee,0.00018269514282409638,7,0.14
350,6.46875,0.5070452212346187,0.4929547787653813,0.6668822954243397,0.04928329267498477,South Dakota,0.5549536885028794,15,Nebraska,0.004647362810444422,Tennessee,0.00018533581327551119,7,0.14
351,6.484375,0.5070618447271626,0.49293815527283735,0.6668771098780344,0.04928362368462946,South Dakota,0.5549487812394029,15,Nebraska,0.00464587542436401,Tennessee,0.00018793782190562602,7,0.14
352,6.5,0.5070782237022046,0.49292177629779543,0.6668720005268333,0.04928394982364659,South Dakota,0.5549439461046644,15,Nebraska,0.004644409878365785,Tennessee,0.0001905016284826644,7,0.14
353,6.515625,0.507094361078833,0.49290563892116696,0.6668669664636687,0.0492842711502387,South Dakota,0.5549391822392771,15,Nebraska,0.004642965912940777,Tennessee,0.0001930276867829761,7,0.14
354,6.53125,0.5071102597378075,0.4928897402621924,0.6668620067933219,0.04928458772184252,South Dakota,0.554934488795099,15,Nebraska,0.004641543271958759,Tennessee,0.0001955164446804103,7,0.14
355,6.546875,0.5071259225221263,0.49287407747787376,0.6668571206322494,0.04928489959514093,South Dakota,0.5549298649350654,15,Nebraska,0.004640141702618061,Tennessee,0.00019796834422969312,7,0.14
356,6.5625,0.5071413522375828,0.4928586477624171,0.6668523071084121,0.049285206826073735,South Dakota,0.5549253098330269,15,Nebraska,0.004638760955398613,Tennessee,0.00020038382175313618,7,0.14
357,6.578125,0.507156551653316,0.49284344834668414,0.6668475653611068,0.049285509469848554,South Dakota,0.5549208226735909,15,Nebraska,0.004637400784011647,Tennessee,0.0002027633079239033,7,0.14
358,6.59375,0.507171523502348,0.49282847649765205,0.6668428945407995,0.04928580758095191,South Dakota,0.5549164026519607,15,Nebraska,0.00463606094535518,Tennessee,0.00020510722784627955,7,0.14
359,6.609375,0.5071862704821166,0.4928137295178833,0.6668382938089645,0.04928610121315935,South Dakota,0.554912048973784,15,Nebraska,0.004634741199466386,Tennessee,0.0002074160011389381,7,0.14
360,6.625,0.5072007952549958,0.49279920474500416,0.666833762337923,0.049286390419546744,South Dakota,0.5549077608549987,15,Nebraska,0.004633441309476516,Tennessee,0.00020969004201265573,7,0.14
361,6.640625,0.50721510044881,0.49278489955119004,0.6668292993106852,0.049286675252499745,South Dakota,0.5549035375216831,15,Nebraska,0.004632161041566607,Tennessee,0.0002119297593485836,7,0.14
362,6.65625,0.5072291886573381,0.49277081134266193,0.666824903920796,0.04928695576372455,South Dakota,0.5548993782099094,15,Nebraska,0.004630900164921847,Tennessee,0.00021413555677585183,7,0.14
363,6.671875,0.5072430624408114,0.49275693755918853,0.6668205753721813,0.04928723200425689,South Dakota,0.5548952821655972,15,Nebraska,0.004629658451690943,Tennessee,0.0002163078327462875,7,0.14
364,6.6875,0.5072567243264011,0.4927432756735989,0.6668163128789997,0.04928750402447324,South Dakota,0.5548912486443726,15,Nebraska,0.004628435676940601,Tennessee,0.00021844698061002088,7,0.14
365,6.703125,0.5072701768086996,0.4927298231913004,0.6668121156654926,0.04928777187409872,South Dakota,0.5548872769114257,15,Nebraska,0.004627231618615779,Tennessee,0.00022055338868753882,7,0.14
366,6.71875,0.5072834223501931,0.4927165776498069,0.666807982965841,0.04928803560221828,South Dakota,0.5548833662413744,15,Nebraska,0.004626046057496835,Tennessee,0.00022262744034229343,7,0.14
367,6.734375,0.5072964633817265,0.49270353661827343,0.6668039140240206,0.04928829525728484,South Dakota,0.5548795159181272,15,Nebraska,0.004624878777160557,Tennessee,0.00022466951405175628,7,0.14
368,6.75,0.507309302302962,0.49269069769703794,0.6667999080936627,0.04928855088712891,South Dakota,0.55487572523475,15,Nebraska,0.00462372956393875,Tennessee,0.00022667998347691842,7,0.14
369,6.765625,0.5073219414828279,0.492678058517172,0.6667959644379146,0.04928880253896706,South Dakota,0.5548719934933346,15,Nebraska,0.004622598206879491,Tennessee,0.00022865921753101315,7,0.14
370,6.78125,0.5073343832599627,0.4926656167400373,0.6667920823293042,0.04928905025941199,South Dakota,0.554868320004869,15,Nebraska,0.004621484497708606,Tennessee,0.00023060758044757268,7,0.14
371,6.796875,0.5073466299431499,0.49265337005685,0.6667882610496053,0.049289294094479685,South Dakota,0.5548647040891095,15,Nebraska,0.004620388230791139,Tennessee,0.00023252543184570929,7,0.14
372,6.8125,0.5073586838117481,0.49264131618825185,0.6667844998897063,0.049289534089599574,South Dakota,0.554861145074457,15,Nebraska,0.0046193092030942795,Tennessee,0.00023441312679761683,7,0.14
373,6.828125,0.5073705471161117,0.4926294528838882,0.6667807981494798,0.04928977028962134,South Dakota,0.554857642297832,15,Nebraska,0.004618247214150273,Tennessee,0.00023627101589096533,7,0.14
374,6.84375,0.5073822220780064,0.49261777792199357,0.6667771551376555,0.049290002738824557,South Dakota,0.5548541951045539,15,Nebraska,0.004617202066019788,Tennessee,0.00023809944529362692,7,0.14
375,6.859375,0.5073937108910179,0.49260628910898213,0.6667735701716937,0.04929023148092648,South Dakota,0.5548508028482211,15,Nebraska,0.004616173563257275,Tennessee,0.00023989875681484918,7,0.14
376,6.875,0.5074050157209538,0.49259498427904624,0.666770042577662,0.04929045655908937,South Dakota,0.5548474648905941,15,Nebraska,0.004615161512874555,Tennessee,0.00024166928796864884,7,0.14
377,6.890625,0.5074161387062388,0.4925838612937612,0.6667665716901141,0.04929067801592968,South Dakota,0.5548441806014797,15,Nebraska,0.004614165724306396,Tennessee,0.00024341137203243157,7,0.14
378,6.90625,0.5074270819583043,0.4925729180416956,0.6667631568519692,0.0492908958935252,South Dakota,0.5548409493586165,15,Nebraska,0.004613186009377213,Tennessee,0.0002451253381073881,7,0.14
379,6.921875,0.5074378475619715,0.49256215243802853,0.6667597974143935,0.04929111023342192,South Dakota,0.5548377705475637,15,Nebraska,0.0046122221822669784,Tennessee,0.00024681151117689204,7,0.14
380,6.9375,0.5074484375758278,0.49255156242417214,0.6667564927366855,0.0492913210766428,South Dakota,0.5548346435615896,15,Nebraska,0.004611274059478254,Tennessee,0.0002484702121640092,7,0.14
381,6.953125,0.5074588540325988,0.49254114596740123,0.6667532421861608,0.04929152846369478,South Dakota,0.554831567801565,15,Nebraska,0.004610341459803102,Tennessee,0.00025010175798900747,7,0.14
382,6.96875,0.5074690989395122,0.4925309010604878,0.6667500451380399,0.04929173243457585,South Dakota,0.5548285426758539,15,Nebraska,0.004609424204292556,Tennessee,0.00025170646162431254,7,0.14
383,6.984375,0.5074791742786581,0.492520825721342,0.6667469009753374,0.049291933028782875,South Dakota,0.5548255676002105,15,Nebraska,0.004608522116223757,Tennessee,0.00025328463214979724,7,0.14
384,7.0,0.5074890820073423,0.4925109179926577,0.666743809088753,0.04929213028531754,South Dakota,0.5548226419976743,15,Nebraska,0.004607635021069201,Tennessee,0.0002548365748075154,7,0.14
385,7.015625,0.5074988240584344,0.49250117594156556,0.6667407688765641,0.04929232424269425,South Dakota,0.5548197652984688,15,Nebraska,0.004606762746466986,Tennessee,0.0002563625910544376,7,0.14
386,7.03125,0.5075084023407109,0.492491597659289,0.6667377797445203,0.04929251493894671,South Dakota,0.5548169369399006,15,Nebraska,0.004605905122190168,Tennessee,0.0002578629786148534,7,0.14
387,7.046875,0.5075178187391918,0.49248218126080834,0.6667348411057397,0.04929270241163475,South Dakota,0.5548141563662623,15,Nebraska,0.004605061980116343,Tennessee,0.00025933803153288526,7,0.14
388,7.0625,0.5075270751154727,0.4924729248845273,0.6667319523806057,0.0492928866978507,South Dakota,0.5548114230287324,15,Nebraska,0.004604233154200554,Tennessee,0.00026078804022222624,7,0.14
389,7.078125,0.5075361733080522,0.4924638266919477,0.6667291129966675,0.04929306783422638,South Dakota,0.5548087363852826,15,Nebraska,0.004603418480444765,Tennessee,0.00026221329151787653,7,0.14
390,7.09375,0.5075451151326533,0.49245488486734673,0.6667263223885393,0.04929324585693873,South Dakota,0.5548060959005817,15,Nebraska,0.004602617796870101,Tennessee,0.0002636140687232169,7,0.14
391,7.109375,0.5075539023825396,0.49244609761746044,0.6667235799978041,0.04929342080171717,South Dakota,0.5548035010459034,15,Nebraska,0.004601830943489871,Tennessee,0.0002649906516609679,7,0.14
392,7.125,0.5075625368288276,0.4924374631711723,0.6667208852729164,0.04929359270384892,South Dakota,0.5548009512990351,15,Nebraska,0.0046010577622809246,Tennessee,0.00026634331671926414,7,0.14
393,7.140625,0.5075710202207938,0.4924289797792063,0.6667182376691088,0.0492937615981861,South Dakota,0.554798446144188,15,Nebraska,0.004600298097157118,Tennessee,0.00026767233689983794,7,0.14
394,7.15625,0.507579354286176,0.492420645713824,0.6667156366482966,0.049293927519150404,South Dakota,0.554795985071908,15,Nebraska,0.004599551793944112,Tennessee,0.0002689779818635385,7,0.14
395,7.171875,0.5075875407314718,0.4924124592685283,0.6667130816789887,0.049294090500740295,South Dakota,0.5547935675789898,15,Nebraska,0.004598818700350504,Tennessee,0.0002702605179771833,7,0.14
396,7.1875,0.5075955812422308,0.49240441875776925,0.6667105722361948,0.04929425057653658,South Dakota,0.554791193168389,15,Nebraska,0.004598098665945072,Tennessee,0.00027152020835674584,7,0.14
397,7.203125,0.5076034774833433,0.4923965225166566,0.6667081078013382,0.04929440777970784,South Dakota,0.5547888613491401,15,Nebraska,0.0045973915421285705,Tennessee,0.00027275731291431793,7,0.14
398,7.21875,0.507611231099324,0.49238876890067584,0.6667056878621668,0.049294562143015974,South Dakota,0.5547865716362712,15,Nebraska,0.00459669718211142,Tennessee,0.0002739720883984109,7,0.14
399,7.234375,0.5076188437145921,0.4923811562854079,0.6667033119126675,0.04929471369882221,South Dakota,0.5547843235507237,15,Nebraska,0.004596015440887058,Tennessee,0.00027516478844025194,7,0.14
400,7.25,0.5076263169337452,0.49237368306625473,0.6667009794529811,0.04929486247909254,South Dakota,0.5547821166192701,15,Nebraska,0.0045953461752086255,Tennessee,0.0002763356635935299,7,0.14
401,7.265625,0.5076336523418324,0.49236634765816756,0.6666986899893187,0.04929500851540336,South Dakota,0.5547799503744356,15,Nebraska,0.004594689243565431,Tennessee,0.0002774849613773611,7,0.14
402,7.28125,0.5076408515046195,0.4923591484953805,0.6666964430338786,0.04929515183894617,South Dakota,0.5547778243544194,15,Nebraska,0.004594044506158634,Tennessee,0.00027861292631725654,7,0.14
403,7.296875,0.5076479159688525,0.4923520840311476,0.6666942381047662,0.04929529248053299,South Dakota,0.5547757381030177,15,Nebraska,0.004593411824878824,Tennessee,0.0002797197999847567,7,0.14
404,7.3125,0.5076548472625165,0.4923451527374834,0.6666920747259126,0.04929543047060192,South Dakota,0.5547736911695479,15,Nebraska,0.004592791063282697,Tennessee,0.00028080582103862106,7,0.14
405,7.328125,0.5076616468950906,0.4923383531049094,0.6666899524269977,0.049295565839222344,South Dakota,0.5547716831087743,15,Nebraska,0.004592182086570751,Tennessee,0.0002818712252627975,7,0.14
406,7.34375,0.5076683163577984,0.49233168364220153,0.6666878707433707,0.04929569861609895,South Dakota,0.5547697134808333,15,Nebraska,0.004591584761565404,Tennessee,0.00028291624560561335,7,0.14
407,7.359375,0.5076748571238558,0.49232514287614415,0.6666858292159752,0.049295828830577704,South Dakota,0.5547677818511618,15,Nebraska,0.004590998956689352,Tennessee,0.0002839411122177449,7,0.14
408,7.375,0.5076812706487143,0.4923187293512856,0.6666838273912729,0.04929595651165031,South Dakota,0.5547658877904259,15,Nebraska,0.004590424541943139,Tennessee,0.0002849460524896319,7,0.14
409,7.390625,0.5076875583703004,0.4923124416296995,0.6666818648211705,0.04929608168795907,South Dakota,0.5547640308744499,15,Nebraska,0.00458986138888573,Tennessee,0.0002859312910885592,7,0.14
410,7.40625,0.5076937217092525,0.4923062782907474,0.6666799410629456,0.04929620438780136,South Dakota,0.5547622106841479,15,Nebraska,0.004589309370611527,Tennessee,0.00028689704999518284,7,0.14
411,7.421875,0.5076997620691527,0.4923002379308473,0.6666780556791758,0.0492963246391348,South Dakota,0.5547604268054545,15,Nebraska,0.004588768361732054,Tennessee,0.00028784354853850225,7,0.14
412,7.4375,0.5077056808367563,0.4922943191632438,0.6666762082376668,0.0492964424695812,South Dakota,0.5547586788292582,15,Nebraska,0.004588238238354081,Tennessee,0.0002887710034324975,7,0.14
413,7.453125,0.5077114793822174,0.4922885206177826,0.6666743983113836,0.04929655790643128,South Dakota,0.5547569663513355,15,Nebraska,0.004587718878060643,Tennessee,0.0002896796288098802,7,0.14
414,7.46875,0.5077171590593113,0.4922828409406887,0.6666726254783817,0.049296670976649914,South Dakota,0.5547552889722852,15,Nebraska,0.004587210159891053,Tennessee,0.00029056963625673227,7,0.14
415,7.484375,0.5077227212056534,0.4922772787943466,0.6666708893217381,0.04929678170687879,South Dakota,0.5547536462974638,15,Nebraska,0.004586711964322143,Tennessee,0.00029144123484581286,7,0.14
416,7.5,0.5077281671429147,0.4922718328570853,0.6666691894294862,0.049296890123442405,South Dakota,0.5547520379369232,15,Nebraska,0.004586224173248055,Tennessee,0.00029229463117086407,7,0.14
417,7.515625,0.5077334981770341,0.49226650182296605,0.6666675253945495,0.04929699625235173,South Dakota,0.554750463505348,15,Nebraska,0.004585746669962365,Tennessee,0.00029313002937847443,7,0.14
418,7.53125,0.5077387155984281,0.4922612844015719,0.6666658968146758,0.049297100119307435,South Dakota,0.5547489226219926,15,Nebraska,0.004585279339140325,Tennessee,0.0002939476312004974,7,0.14
419,7.546875,0.5077438206821969,0.492256179317803,0.6666643032923756,0.049297201749705644,South Dakota,0.5547474149106237,15,Nebraska,0.00458482206681865,Tennessee,0.0002947476359864698,7,0.14
420,7.5625,0.5077488146883274,0.4922511853116725,0.6666627444348571,0.04929730116864073,South Dakota,0.5547459399994579,15,Nebraska,0.004584374740379427,Tennessee,0.000295530240733477,7,0.14
421,7.578125,0.5077536988618933,0.49224630113810686,0.6666612198539656,0.04929739840091041,South Dakota,0.5547444975211039,15,Nebraska,0.0045839372485319,Tennessee,0.0002962956401190153,7,0.14
422,7.59375,0.5077584744332518,0.49224152556674816,0.6666597291661215,0.04929749347101808,South Dakota,0.554743087112505,15,Nebraska,0.004583509481294268,Tennessee,0.000297044026529969,7,0.14
423,7.609375,0.5077631426182392,0.4922368573817609,0.6666582719922612,0.049297586403178495,South Dakota,0.5547417084148821,15,Nebraska,0.004583091329977473,Tennessee,0.0002977755900933632,7,0.14
424,7.625,0.5077677046183603,0.4922322953816398,0.6666568479577775,0.04929767722132017,South Dakota,0.5547403610736766,15,Nebraska,0.004582682687168549,Tennessee,0.00029849051870489696,7,0.14
425,7.640625,0.5077721616209786,0.49222783837902145,0.6666554566924603,0.0492977659490903,South Dakota,0.554739044738496,15,Nebraska,0.004582283446712188,Tennessee,0.0002991889980600293,7,0.14
426,7.65625,0.5077765147995013,0.4922234852004988,0.6666540978304408,0.04929785260985753,South Dakota,0.5547377590630587,15,Nebraska,0.0045818935036969766,Tennessee,0.0002998712116801805,7,0.14
427,7.671875,0.5077807653135622,0.4922192346864378,0.6666527710101333,0.04929793722671594,South Dakota,0.5547365037051406,15,Nebraska,0.004581512754436967,Tennessee,0.0003005373409430412,7,0.14
428,7.6875,0.5077849143092027,0.4922150856907973,0.6666514758741802,0.049298019822488715,South Dakota,0.5547352783265221,15,Nebraska,0.004581141096456465,Tennessee,0.00030118756510921774,7,0.14
429,7.703125,0.5077889629190488,0.49221103708095115,0.6666502120693965,0.049298100419731705,South Dakota,0.5547340825929363,15,Nebraska,0.004580778428474597,Tennessee,0.00030182206135087597,7,0.14
430,7.71875,0.5077929122624868,0.4922070877375132,0.6666489792467158,0.04929817904073708,South Dakota,0.5547329161740162,15,Nebraska,0.004580424650389658,Tennessee,0.00030244100477705427,7,0.14
431,7.734375,0.5077967634458355,0.49220323655416454,0.6666477770611371,0.04929825570753621,South Dakota,0.5547317787432454,15,Nebraska,0.004580079663264014,Tennessee,0.0003030445684621963,7,0.14
432,7.75,0.5078005175625161,0.49219948243748396,0.6666466051716713,0.04929833044190357,South Dakota,0.5547306699779073,15,Nebraska,0.004579743369308886,Tennessee,0.000303632923470909,7,0.14
433,7.765625,0.5078041756932204,0.49219582430677966,0.6666454632412899,0.049298403265359614,South Dakota,0.5547295895590371,15,Nebraska,0.004579415671868481,Tennessee,0.000304206238885385,7,0.14
434,7.78125,0.5078077389060754,0.4921922610939245,0.6666443509368741,0.04929847419917521,South Dakota,0.5547285371713712,15,Nebraska,0.0045790964754079955,Tennessee,0.0003047646818297167,7,0.14
435,7.796875,0.5078112082568061,0.4921887917431938,0.6666432679291635,0.04929854326437322,South Dakota,0.5547275125033013,15,Nebraska,0.0045787856854964115,Tennessee,0.00030530841749532023,7,0.14
436,7.8125,0.5078145847888964,0.4921854152111036,0.6666422138927073,0.049298610481732785,South Dakota,0.5547265152468267,15,Nebraska,0.004578483208793838,Tennessee,0.0003058376091664705,7,0.14
437,7.828125,0.5078178695337463,0.49218213046625375,0.6666411885058144,0.049298675871792375,South Dakota,0.5547255450975069,15,Nebraska,0.004578188953037632,Tennessee,0.0003063524182435051,7,0.14
438,7.84375,0.5078210635108282,0.4921789364891718,0.6666401914505061,0.04929873945485308,South Dakota,0.5547246017544173,15,Nebraska,0.004577902827027636,Tennessee,0.0003068530042684703,7,0.14
439,7.859375,0.5078241677278408,0.4921758322721593,0.6666392224124676,0.049298801250980406,South Dakota,0.5547236849201028,15,Nebraska,0.004577624740613406,Tennessee,0.0003073395249472144,7,0.14
440,7.875,0.5078271831808597,0.4921728168191403,0.6666382810810014,0.04929886128000893,South Dakota,0.5547227943005345,15,Nebraska,0.004577354604680228,Tennessee,0.00030781213617470105,7,0.14
441,7.890625,0.507830110854487,0.49216988914551296,0.6666373671489818,0.049298919561544974,South Dakota,0.5547219296050647,15,Nebraska,0.004577092331136345,Tennessee,0.0003082709920561033,7,0.14
442,7.90625,0.5078329517219985,0.4921670482780015,0.6666364803128075,0.04929897611496792,South Dakota,0.5547210905463846,15,Nebraska,0.0045768378328997494,Tennessee,0.0003087162449312286,7,0.14
443,7.921875,0.5078357067454878,0.4921642932545121,0.6666356202723589,0.04929903095943544,South Dakota,0.5547202768404811,15,Nebraska,0.004576591023885301,Tennessee,0.0003091480453960571,7,0.14
444,7.9375,0.5078383768760104,0.4921616231239896,0.666634786730952,0.04929908411388495,South Dakota,0.5547194882065948,15,Nebraska,0.004576351818992519,Tennessee,0.00030956654232483505,7,0.14
445,7.953125,0.5078409630537234,0.49215903694627655,0.6666339793952957,0.04929913559703636,South Dakota,0.5547187243671791,15,Nebraska,0.004576120134092365,Tennessee,0.00030997188289261235,7,0.14
446,7.96875,0.5078434662080247,0.4921565337919752,0.6666331979754482,0.04929918542739553,South Dakota,0.5547179850478593,15,Nebraska,0.004575895886015036,Tennessee,0.00031036421259633684,7,0.14
447,7.984375,0.5078458872576901,0.4921541127423099,0.6666324421847754,0.049299233623256944,South Dakota,0.5547172699773916,15,Nebraska,0.004575678992538856,Tennessee,0.00031074367527528235,7,0.14
448,8.0,0.5078482271110079,0.49215177288899203,0.6666317117399074,0.04929928020270524,South Dakota,0.5547165788876243,15,Nebraska,0.004575469372376739,Tennessee,0.00031111041313358623,7,0.14
449,8.015625,0.5078504866659119,0.49214951333408813,0.6666310063606995,0.04929932518361957,South Dakota,0.5547159115134586,15,Nebraska,0.004575266945165746,Tennessee,0.0003114645667593452,7,0.14
450,8.03125,0.5078526668101124,0.4921473331898876,0.6666303257701898,0.04929936858367512,South Dakota,0.5547152675928093,15,Nebraska,0.0045750716314547635,Tennessee,0.00031180627514615367,7,0.14
451,8.046875,0.5078547684212259,0.4921452315787741,0.6666296696945591,0.04929941042034591,South Dakota,0.5547146468665677,15,Nebraska,0.004574883352693626,Tennessee,0.0003121356757118665,7,0.14
452,8.0625,0.5078567923669018,0.4921432076330982,0.666629037863093,0.049299450710907244,South Dakota,0.5547140490785639,15,Nebraska,0.004574702031220235,Tennessee,0.0003124529043195823,7,0.14
453,8.078125,0.5078587395049489,0.49214126049505125,0.6666284300081409,0.04929948947243845,South Dakota,0.5547134739755294,15,Nebraska,0.004574527590251898,Tennessee,0.00031275809529640597,7,0.14
454,8.09375,0.5078606106834578,0.4921393893165422,0.6666278458650791,0.049299526721825915,South Dakota,0.5547129213070606,15,Nebraska,0.004574359953872342,Tennessee,0.0003130513814527669,7,0.14
455,8.109375,0.5078624067409251,0.4921375932590748,0.6666272851722717,0.049299562475763614,South Dakota,0.5547123908255842,15,Nebraska,0.004574199047021721,Tennessee,0.0003133328941012925,7,0.14
456,8.125,0.5078641285063722,0.49213587149362775,0.6666267476710344,0.04929959675075779,South Dakota,0.5547118822863202,15,Nebraska,0.00457404479548551,Tennessee,0.0003136027630760152,7,0.14
457,8.140625,0.5078657767994643,0.4921342232005357,0.6666262331055964,0.04929962956312772,South Dakota,0.5547113954472479,15,Nebraska,0.0045738971258845185,Tennessee,0.00031386111675069106,7,0.14
458,8.15625,0.5078673524306276,0.49213264756937225,0.6666257412230654,0.04929966092900906,South Dakota,0.5547109300690706,15,Nebraska,0.004573755965664117,Tennessee,0.0003141080820555642,7,0.14
459,8.171875,0.5078688562011653,0.49213114379883466,0.6666252717733906,0.04929969086435526,South Dakota,0.5547104859151828,15,Nebraska,0.004573621243084358,Tennessee,0.0003143437844974617,7,0.14
460,8.1875,0.5078702889033703,0.4921297110966298,0.666624824509328,0.04929971938494071,South Dakota,0.5547100627516358,15,Nebraska,0.004573492887209096,Tennessee,0.000314568348175559,7,0.14
461,8.203125,0.5078716513206378,0.49212834867936206,0.6666243991864051,0.04929974650636182,South Dakota,0.5547096603471052,15,Nebraska,0.004573370827896661,Tennessee,0.0003147818958008086,7,0.14
462,8.21875,0.5078729442275772,0.49212705577242283,0.6666239955628875,0.04929977224404103,South Dakota,0.5547092784728581,15,Nebraska,0.004573254995790199,Tennessee,0.00031498454871081716,7,0.14
463,8.234375,0.5078741683901189,0.49212583160988116,0.6666236133997439,0.04929979661322714,South Dakota,0.554708916902721,15,Nebraska,0.004573145322307348,Tennessee,0.0003151764268883861,7,0.14
464,8.25,0.507875324565624,0.492124675434376,0.6666232524606127,0.04929981962899832,South Dakota,0.5547085754130476,15,Nebraska,0.004573041739631245,Tennessee,0.00031535764897783203,7,0.14
465,8.265625,0.5078764135029893,0.49212358649701066,0.6666229125117703,0.049299841306264414,South Dakota,0.5547082537826893,15,Nebraska,0.004572944180700644,Tennessee,0.00031552833230141797,7,0.14
466,8.28125,0.5078774359427526,0.4921225640572474,0.6666225933220974,0.04929986165976863,South Dakota,0.5547079517929623,15,Nebraska,0.0045728525792005925,Tennessee,0.00031568859287567363,7,0.14
467,8.296875,0.507878392617195,0.4921216073828049,0.6666222946630469,0.049299880704089416,South Dakota,0.5547076692276178,15,Nebraska,0.004572766869554656,Tennessee,0.0003158385454267165,7,0.14
468,8.3125,0.507879284250444,0.4921207157495559,0.6666220163086132,0.049299898453643354,South Dakota,0.5547074058728136,15,Nebraska,0.004572686986913044,Tennessee,0.0003159783034076824,7,0.14
469,8.328125,0.5078801115585727,0.49211988844142734,0.6666217580353002,0.04929991492268604,South Dakota,0.5547071615170828,15,Nebraska,0.004572612867146497,Tennessee,0.00031610797901315824,7,0.14
470,8.34375,0.5078808752496994,0.4921191247503006,0.6666215196220907,0.04929993012531497,South Dakota,0.5547069359513039,15,Nebraska,0.004572544446836413,Tennessee,0.00031622768319372607,7,0.14
471,8.359375,0.5078815760240852,0.4921184239759147,0.6666213008504165,0.04929994407547089,South Dakota,0.5547067289686756,15,Nebraska,0.004572481663265071,Tennessee,0.00031633752567372664,7,0.14
472,8.375,0.5078822145742307,0.4921177854257694,0.6666211015041279,0.049299956786940324,South Dakota,0.5547065403646841,15,Nebraska,0.004572424454409307,Tennessee,0.0003164376149634718,7,0.14
473,8.390625,0.5078827915849696,0.49211720841503037,0.6666209213694644,0.04929996827335692,South Dakota,0.5547063699370786,15,Nebraska,0.004572372758929966,Tennessee,0.00031652805837600884,7,0.14
474,8.40625,0.5078833077335646,0.4921166922664354,0.6666207602350256,0.04929997854820334,South Dakota,0.5547062174858411,15,Nebraska,0.004572326516165126,Tennessee,0.00031660896204055433,7,0.14
475,8.421875,0.5078837636897978,0.4921162363102021,0.6666206178917424,0.04929998762481336,South Dakota,0.5547060828131614,15,Nebraska,0.004572285666120668,Tennessee,0.00031668043091725995,7,0.14
476,8.4375,0.5078841601160631,0.4921158398839369,0.6666204941328489,0.04929999551637343,South Dakota,0.554705965723409,15,Nebraska,0.004572250149462942,Tennessee,0.00031674256881175644,7,0.14
477,8.453125,0.5078844976674555,0.49211550233254453,0.6666203887538541,0.049300002235925455,South Dakota,0.5547058660231065,15,Nebraska,0.004572219907510777,Tennessee,0.00031679547838814326,7,0.14
478,8.46875,0.5078847769918603,0.4921152230081397,0.6666203015525144,0.04930000779636645,South Dakota,0.5547057835209037,15,Nebraska,0.004572194882226932,Tennessee,0.00031683926118364347,7,0.14
479,8.484375,0.5078849987300403,0.4921150012699597,0.6666202323288068,0.04930001221045266,South Dakota,0.5547057180275526,15,Nebraska,0.004572175016210878,Tennessee,0.0003168740176221485,7,0.14
480,8.5,0.5078851635157222,0.49211483648427773,0.6666201808849014,0.04930001549079943,South Dakota,0.5547056693558808,15,Nebraska,0.004572160252691249,Tennessee,0.00031689984702720775,7,0.14
481,8.515625,0.5078852719756818,0.4921147280243181,0.6666201470251354,0.04930001764988445,South Dakota,0.5547056373207673,15,Nebraska,0.004572150535517627,Tennessee,0.0003169168476357953,7,0.14
482,8.53125,0.5078853247298281,0.49211467527017194,0.6666201305559869,0.04930001870004763,South Dakota,0.5547056217391171,15,Nebraska,0.004572145809153438,Tennessee,0.00031692511661096656,7,0.14
483,8.546875,0.5078853223912857,0.4921146776087143,0.6666201312860489,0.04930001865349487,South Dakota,0.5547056224298371,15,Nebraska,0.004572146018668843,Tennessee,0.00031692475005484777,7,0.14
484,8.5625,0.5078852655664774,0.49211473443352266,0.6666201490260044,0.049300017522297956,South Dakota,0.5547056392138124,15,Nebraska,0.004572151109732858,Tennessee,0.0003169158430218477,7,0.14
485,8.578125,0.5078851548552041,0.49211484514479586,0.6666201835886005,0.049300015318396784,South Dakota,0.5547056719138818,15,Nebraska,0.004572161028606581,Tennessee,0.0003168984895303151,7,0.14
486,8.59375,0.5078849908507249,0.49211500914927503,0.6666202347886244,0.04930001205360113,South Dakota,0.5547057203548144,15,Nebraska,0.004572175722136529,Tennessee,0.00031687278257541696,7,0.14
487,8.609375,0.5078847741398355,0.49211522586016454,0.6666203024428785,0.04930000773959187,South Dakota,0.5547057843632874,15,Nebraska,0.0045721951377462045,Tennessee,0.0003168388141419065,7,0.14
488,8.625,0.5078845053029452,0.49211549469705473,0.6666203863701566,0.0493000023879232,South Dakota,0.5547058637678625,15,Nebraska,0.004572219223430651,Tennessee,0.00031679667521522514,7,0.14
489,8.640625,0.5078841849141543,0.4921158150858458,0.6666204863912203,0.049299996010022995,South Dakota,0.5547059583989631,15,Nebraska,0.004572247927749462,Tennessee,0.00031674645579360394,7,0.14
490,8.65625,0.5078838135413284,0.49211618645867156,0.6666206023287744,0.049299988617195534,South Dakota,0.5547060680888528,15,Nebraska,0.004572281199818895,Tennessee,0.00031668824490072023,7,0.14
491,8.671875,0.5078833917461739,0.4921166082538261,0.6666207340074457,0.049299980220621986,South Dakota,0.5547061926716134,15,Nebraska,0.0045723189893071,Tennessee,0.0003166221305960226,7,0.14
492,8.6875,0.5078829200843106,0.4921170799156893,0.6666208812537582,0.04929997083136284,South Dakota,0.5547063319831225,15,Nebraska,0.004572361246425571,Tennessee,0.0003165481999869435,7,0.14
493,8.703125,0.5078823991053446,0.4921176008946553,0.6666210438961118,0.049299960460357894,South Dakota,0.5547064858610331,15,Nebraska,0.00457240792192426,Tennessee,0.0003164665392398902,7,0.14
494,8.71875,0.5078818293529398,0.4921181706470603,0.6666212217647596,0.04929994911842983,South Dakota,0.5547066541447525,15,Nebraska,0.0045724589670843585,Tennessee,0.0003163772335919024,7,0.14
495,8.734375,0.5078812113648878,0.49211878863511227,0.6666214146917862,0.04929993681628364,South Dakota,0.5547068366754201,15,Nebraska,0.0045725143337124186,Tennessee,0.000316280367360422,7,0.14
496,8.75,0.5078805456731785,0.49211945432682147,0.6666216225110853,0.04929992356450896,South Dakota,0.5547070332958883,15,Nebraska,0.004572573974134464,Tennessee,0.00031617602395539457,7,0.14
497,8.765625,0.5078798328040685,0.4921201671959316,0.6666218450583398,0.0492999093735812,South Dakota,0.5547072438507026,15,Nebraska,0.004572637841188332,Tennessee,0.00031606428589003865,7,0.14
498,8.78125,0.507879073278148,0.49212092672185204,0.6666220821709989,0.049299894253863163,South Dakota,0.5547074681860803,15,Nebraska,0.004572705888219564,Tennessee,0.00031594523479017145,7,0.14
499,8.796875,0.5078782676104089,0.49212173238959106,0.6666223336882586,0.04929987821560544,South Dakota,0.5547077061498913,15,Nebraska,0.004572778069074412,Tennessee,0.00031581895140531113,7,0.14
500,8.8125,0.5078774163103106,0.4921225836896894,0.666622599451041,0.049299861268949585,South Dakota,0.5547079575916389,15,Nebraska,0.00457285433809429,Tennessee,0.000315685515619446,7,0.14
501,8.828125,0.5078765198818442,0.4921234801181557,0.6666228793019731,0.04929984342392735,South Dakota,0.5547082223624407,15,Nebraska,0.004572934650108995,Tennessee,0.0003155450064605825,7,0.14
502,8.84375,0.5078755788235984,0.4921244211764017,0.666623173085368,0.049299824690463456,South Dakota,0.5547085003150088,15,Nebraska,0.004573018960433162,Tennessee,0.00031539750211095896,7,0.14
503,8.859375,0.5078745936288208,0.49212540637117913,0.6666234806472043,0.04929980507837617,South Dakota,0.5547087913036318,15,Nebraska,0.004573107224858375,Tennessee,0.00031524307991659395,7,0.14
504,8.875,0.5078735647854831,0.4921264352145169,0.6666238018351068,0.04929978459737816,South Dakota,0.5547090951841569,15,Nebraska,0.004573199399648176,Tennessee,0.0003150818163981661,7,0.14
505,8.890625,0.507872492776341,0.4921275072236591,0.6666241364983279,0.049299763257078966,South Dakota,0.5547094118139702,15,Nebraska,0.004573295441533731,Tennessee,0.00031491378725923,7,0.14
506,8.90625,0.5078713780789954,0.4921286219210046,0.6666244844877272,0.049299741066985425,South Dakota,0.5547097410519799,15,Nebraska,0.004573395307706507,Tennessee,0.00031473906739676316,7,0.14
507,8.921875,0.5078702211659538,0.49212977883404607,0.6666248456557542,0.04929971803650235,South Dakota,0.5547100827585976,15,Nebraska,0.004573498955814603,Tennessee,0.00031455773090938166,7,0.14
508,8.9375,0.5078690225046889,0.49213097749531104,0.6666252198564292,0.04929969417493496,South Dakota,0.5547104367957223,15,Nebraska,0.004573606343956649,Tennessee,0.0003143698511083315,7,0.14
509,8.953125,0.5078677825576967,0.49213221744230334,0.666625606945325,0.04929966949148901,South Dakota,0.5547108030267214,15,Nebraska,0.004573717430676361,Tennessee,0.00031417550052559307,7,0.14
510,8.96875,0.5078665017825554,0.4921334982174445,0.6666260067795485,0.04929964399527231,South Dakota,0.5547111813164143,15,Nebraska,0.00457383217495777,Tennessee,0.0003139747509219859,7,0.14
511,8.984375,0.5078651806319825,0.49213481936801745,0.666626419217724,0.04929961769529634,South Dakota,0.5547115715310564,15,Nebraska,0.004573950536219784,Tennessee,0.00031376767329893696,7,0.14
512,9.0,0.5078638195538904,0.4921361804461097,0.6666268441199744,0.04929959060047617,South Dakota,0.554711973538321,15,Nebraska,0.004574072474312185,Tennessee,0.0003135543379038097,7,0.14
513,9.015625,0.5078624189914427,0.49213758100855726,0.6666272813479046,0.049299562719633316,South Dakota,0.5547123872072832,15,Nebraska,0.004574197949509418,Tennessee,0.00031333481424067333,7,0.14
514,9.03125,0.5078609793831094,0.4921390206168906,0.6666277307645843,0.0492995340614949,South Dakota,0.5547128124084055,15,Nebraska,0.004574326922505367,Tennessee,0.0003131091710795175,7,0.14
515,9.046875,0.5078595011627204,0.49214049883727956,0.6666281922345308,0.04929950463469601,South Dakota,0.5547132490135188,15,Nebraska,0.004574459354410587,Tennessee,0.0003128774764620257,7,0.14
516,9.0625,0.5078579847595198,0.49214201524048007,0.6666286656236927,0.04929947444778071,South Dakota,0.554713696895809,15,Nebraska,0.004574595206745413,Tennessee,0.00031263979771267714,7,0.14
517,9.078125,0.5078564305982185,0.4921435694017815,0.6666291507994332,0.049299443509202234,South Dakota,0.5547141559298006,15,Nebraska,0.00457473444143619,Tennessee,0.00031239620144574154,7,0.14
518,9.09375,0.507854839099046,0.49214516090095395,0.6666296476305136,0.04929941182732511,South Dakota,0.5547146259913406,15,Nebraska,0.00457487702081083,Tennessee,0.00031214675357316146,7,0.14
519,9.109375,0.5078532106778028,0.4921467893221972,0.6666301559870778,0.049299379410425614,South Dakota,0.554715106957585,15,Nebraska,0.004575022907592929,Tennessee,0.00031189151931376724,7,0.14
520,9.125,0.5078515457459103,0.4921484542540897,0.6666306757406363,0.04929934626669252,South Dakota,0.5547155987069816,15,Nebraska,0.0045751720648996574,Tennessee,0.0003116305631994942,7,0.14
521,9.140625,0.507849844710462,0.4921501552895379,0.6666312067640502,0.04929931240422869,South Dakota,0.5547161011192575,15,Nebraska,0.00457532445623432,Tennessee,0.0003113639490850417,7,0.14
522,9.15625,0.5078481079742725,0.4921518920257276,0.6666317489315159,0.04929927783105148,South Dakota,0.5547166140754025,15,Nebraska,0.004575480045484026,Tennessee,0.00031109174015409025,7,0.14
523,9.171875,0.5078463359359262,0.49215366406407385,0.6666323021185504,0.04929924255509499,South Dakota,0.554717137457656,15,Nebraska,0.004575638796914583,Tennessee,0.0003108139989286274,7,0.14
524,9.1875,0.5078445289898265,0.49215547101017343,0.6666328662019749,0.04929920658420872,South Dakota,0.5547176711494918,15,Nebraska,0.004575800675166608,Tennessee,0.00031053078727427685,7,0.14
525,9.203125,0.5078426875262428,0.4921573124737571,0.6666334410599021,0.04929916992616101,South Dakota,0.5547182150356049,15,Nebraska,0.004575965645250202,Tennessee,0.0003102421664098465,7,0.14
526,9.21875,0.5078408119313581,0.49215918806864195,0.6666340265717191,0.04929913258863816,South Dakota,0.5547187690018971,15,Nebraska,0.00457613367254206,Tennessee,0.0003099481969137674,7,0.14
527,9.234375,0.5078389025873146,0.4921610974126853,0.6666346226180744,0.049299094579246194,South Dakota,0.5547193329354629,15,Nebraska,0.0045763047227807,Tennessee,0.00030964893873097754,7,0.14
528,9.25,0.5078369598722612,0.4921630401277388,0.6666352290808634,0.049299055905511535,South Dakota,0.5547199067245769,15,Nebraska,0.0045764787620620195,Tennessee,0.00030934445118058207,7,0.14
529,9.265625,0.5078349841603973,0.49216501583960265,0.6666358458432138,0.04929901657488245,South Dakota,0.5547204902586798,15,Nebraska,0.004576655756835857,Tennessee,0.00030903479296329195,7,0.14
530,9.28125,0.5078329758220187,0.4921670241779813,0.6666364727894721,0.04929897659472904,South Dakota,0.5547210834283651,15,Nebraska,0.004576835673901991,Tennessee,0.00030872002216808525,7,0.14
531,9.296875,0.5078309352235612,0.4921690647764389,0.66663710980519,0.049298935972344804,South Dakota,0.5547216861253665,15,Nebraska,0.004577018480405259,Tennessee,0.00030840019627809134,7,0.14
532,9.3125,0.5078288627276442,0.49217113727235584,0.6666377567771095,0.04929889471494697,South Dakota,0.5547222982425448,15,Nebraska,0.0045772041438330024,Tennessee,0.00030807537217991676,7,0.14
533,9.328125,0.5078267586931146,0.49217324130688545,0.6666384135931512,0.049298852829678164,South Dakota,0.5547229196738748,15,Nebraska,0.00457739263201018,Tennessee,0.0003077456061671979,7,0.14
534,9.34375,0.5078246234750882,0.49217537652491183,0.6666390801424001,0.049298810323605946,South Dakota,0.5547235503144334,15,Nebraska,0.0045775839130963725,Tennessee,0.000307410953949927,7,0.14
535,9.359375,0.507822457424993,0.492177542575007,0.6666397563150924,0.04929876720372528,South Dakota,0.5547241900603871,15,Nebraska,0.004577777955581008,Tennessee,0.00030707147065967,7,0.14
536,9.375,0.5078202608906097,0.49217973910939034,0.6666404420026032,0.04929872347695807,South Dakota,0.554724838808979,15,Nebraska,0.004577974728280476,Tennessee,0.0003067272108566721,7,0.14
537,9.390625,0.5078180342161134,0.4921819657838866,0.6666411370974329,0.049298679150154956,South Dakota,0.5547254964585177,15,Nebraska,0.004578174200334462,Tennessee,0.00030637822853540886,7,0.14
538,9.40625,0.5078157777421134,0.49218422225788655,0.6666418414931949,0.04929863423009451,South Dakota,0.5547261629083645,15,Nebraska,0.004578376341201951,Tennessee,0.0003060245771321357,7,0.14
539,9.421875,0.507813491805694,0.492186508194306,0.6666425550846039,0.04929858872348625,South Dakota,0.5547268380589226,15,Nebraska,0.0045785811206575655,Tennessee,0.00030566630952988394,7,0.14
540,9.4375,0.5078111767404534,0.49218882325954666,0.6666432777674622,0.049298542636969866,South Dakota,0.5547275218116244,15,Nebraska,0.004578788508788567,Tennessee,0.0003053034780653441,7,0.14
541,9.453125,0.5078088328765429,0.4921911671234572,0.6666440094386488,0.04929849597711633,South Dakota,0.5547282140689204,15,Nebraska,0.00457899847599097,Tennessee,0.00030493613453541624,7,0.14
542,9.46875,0.5078064605407051,0.49219353945929484,0.6666447499961061,0.04929844875042899,South Dakota,0.5547289147342681,15,Nebraska,0.0045792109929662095,Tennessee,0.00030456433020198403,7,0.14
543,9.484375,0.507804060056313,0.49219593994368704,0.6666454993388299,0.049298400963343814,South Dakota,0.5547296237121205,15,Nebraska,0.004579426030717815,Tennessee,0.000304188115798798,7,0.14
544,9.5,0.507801631743406,0.4921983682565941,0.6666462573668558,0.049298352622231034,South Dakota,0.5547303409079152,15,Nebraska,0.0045796435605476304,Tennessee,0.00030380754153724876,7,0.14
545,9.515625,0.5077991759187283,0.4922008240812717,0.6666470239812483,0.04929830373339439,South Dakota,0.5547310662280629,15,Nebraska,0.004579863554053043,Tennessee,0.000303422657111696,7,0.14
546,9.53125,0.5077966928957647,0.49220330710423527,0.66664779908409,0.04929825430307322,South Dakota,0.5547317995799375,15,Nebraska,0.004580085983123872,Tennessee,0.00030303351170568593,7,0.14
547,9.546875,0.5077941829847776,0.49220581701522237,0.6666485825784697,0.04929820433744292,South Dakota,0.5547325408718644,15,Nebraska,0.004580310819938482,Tennessee,0.0003026401539973911,7,0.14
548,9.5625,0.507791646492842,0.4922083535071579,0.6666493743684709,0.049298153842615045,South Dakota,0.5547332900131112,15,Nebraska,0.0045805380369601245,Tennessee,0.00030224263216549474,7,0.14
549,9.578125,0.5077890837238812,0.4922109162761188,0.6666501743591621,0.049298102824638756,South Dakota,0.5547340469138758,15,Nebraska,0.0045807676069359315,Tennessee,0.0003018409938940758,7,0.14
550,9.59375,0.5077864949787017,0.4922135050212984,0.666650982456584,0.04929805128950093,South Dakota,0.5547348114852775,15,Nebraska,0.004580999502891148,Tennessee,0.0003014352863788261,7,0.14
551,9.609375,0.5077838805550271,0.4922161194449728,0.6666517985677406,0.049297999243127055,South Dakota,0.5547355836393455,15,Nebraska,0.004581233698128129,Tennessee,0.0003010255563320463,7,0.14
552,9.625,0.5077812407475336,0.4922187592524665,0.6666526226005878,0.04929794669138232,South Dakota,0.5547363632890103,15,Nebraska,0.0045814701662219015,Tennessee,0.000300611849987642,7,0.14
553,9.640625,0.5077785758478816,0.4922214241521185,0.6666534544640221,0.04929789364007142,South Dakota,0.5547371503480922,15,Nebraska,0.004581708881018165,Tennessee,0.00030019421310689687,7,0.14
554,9.65625,0.5077758861447502,0.49222411385524983,0.6666542940678722,0.04929784009493998,South Dakota,0.5547379447312931,15,Nebraska,0.004581949816629627,Tennessee,0.0002997726909839127,7,0.14
555,9.671875,0.5077731719238701,0.49222682807612983,0.666655141322887,0.04929778606167501,South Dakota,0.5547387463541855,15,Nebraska,0.004582192947433006,Tennessee,0.0002993473284496062,7,0.14
556,9.6875,0.5077704334680552,0.4922295665319447,0.6666559961407261,0.04929773154590511,South Dakota,0.5547395551332039,15,Nebraska,0.0045824382480673664,Tennessee,0.0002989181698784815,7,0.14
557,9.703125,0.5077676710572353,0.4922323289427647,0.6666568584339503,0.04929767655320172,South Dakota,0.5547403709856348,15,Nebraska,0.004582685693429123,Tennessee,0.0002984852591916276,7,0.14
558,9.71875,0.5077648849684872,0.49223511503151285,0.6666577281160105,0.049297621089079424,South Dakota,0.5547411938296072,15,Nebraska,0.00458293525867115,Tennessee,0.00029804863986371277,7,0.14
559,9.734375,0.5077620754760663,0.49223792452393367,0.6666586051012396,0.04929756515899675,South Dakota,0.5547420235840836,15,Nebraska,0.004583186919199345,Tennessee,0.0002976083549256492,7,0.14
560,9.75,0.5077592428514376,0.49224075714856247,0.6666594893048418,0.049297508768356924,South Dakota,0.554742860168852,15,Nebraska,0.004583440650669401,Tennessee,0.0002971644469721424,7,0.14
561,9.765625,0.5077563873633054,0.4922436126366946,0.6666603806428827,0.04929745192250734,South Dakota,0.5547437035045144,15,Nebraska,0.004583696428984707,Tennessee,0.0002967169581635787,7,0.14
562,9.78125,0.5077535092776445,0.49224649072235555,0.6666612790322813,0.0492973946267421,South Dakota,0.5547445535124803,15,Nebraska,0.004583954230293341,Tennessee,0.00029626593023268644,7,0.14
563,9.796875,0.5077506088577292,0.4922493911422709,0.6666621843907996,0.04929733688630067,South Dakota,0.554745410114957,15,Nebraska,0.00458421403098519,Tennessee,0.00029581140448908805,7,0.14
564,9.8125,0.5077476863641626,0.4922523136358375,0.6666630966370338,0.04929727870637035,South Dakota,0.5547462732349407,15,Nebraska,0.004584475807689947,Tennessee,0.00029535342182296365,7,0.14
565,9.828125,0.5077447420549064,0.4922552579450936,0.6666640156904051,0.049297220092084926,South Dakota,0.5547471427962081,15,Nebraska,0.004584739537274118,Tennessee,0.0002948920227100471,7,0.14
566,9.84375,0.507741776185309,0.49225822381469103,0.6666649414711511,0.04929716104852633,South Dakota,0.5547480187233078,15,Nebraska,0.004585005196838576,Tennessee,0.0002944272472159559,7,0.14
567,9.859375,0.5077387890081341,0.49226121099186587,0.6666658739003164,0.04929710158072598,South Dakota,0.5547489009415525,15,Nebraska,0.004585272763715675,Tennessee,0.00029395913500152027,7,0.14
568,9.875,0.5077357807735883,0.4922642192264118,0.6666668128997445,0.04929704169366289,South Dakota,0.5547497893770101,15,Nebraska,0.004585542215467031,Tennessee,0.0002934877253258916,7,0.14
569,9.890625,0.5077327517293493,0.4922672482706507,0.6666677583920686,0.049296981392267014,South Dakota,0.554750683956496,15,Nebraska,0.004585813529881522,Tennessee,0.0002930130570515388,7,0.14
570,9.90625,0.5077297021205931,0.49227029787940696,0.6666687103007033,0.049296920681417666,South Dakota,0.5547515846075644,15,Nebraska,0.004586086684971402,Tennessee,0.0002925351686486888,7,0.14
571,9.921875,0.5077266321900207,0.49227336780997927,0.6666696685498362,0.04929685956594554,South Dakota,0.5547524912585008,15,Nebraska,0.004586361658972082,Tennessee,0.0002920540981988795,7,0.14
572,9.9375,0.5077235421778853,0.4922764578221147,0.66667063306442,0.04929679805063225,South Dakota,0.5547534038383144,15,Nebraska,0.004586638430337242,Tennessee,0.00029156988340006684,7,0.14
573,9.953125,0.5077204323220184,0.49227956767798164,0.6666716037701629,0.04929673614021124,South Dakota,0.5547543222767297,15,Nebraska,0.00458691697773872,Tennessee,0.00029108256157039936,7,0.14
574,9.96875,0.5077173028578557,0.4922826971421444,0.6666725805935223,0.04929667383936853,South Dakota,0.5547552465041786,15,Nebraska,0.004587197280062627,Tennessee,0.0002905921696506608,7,0.14
575,9.984375,0.507714154018463,0.492285845981537,0.666673563461695,0.04929661115274231,South Dakota,0.5547561764517941,15,Nebraska,0.004587479316407572,Tennessee,0.00029009874421204174,7,0.14
576,10.0,0.5077109860345621,0.4922890139654378,0.666674552302611,0.04929654808492501,South Dakota,0.5547571120514012,15,Nebraska,0.004587763066082662,Tennessee,0.00028960232145647247,7,0.14
577,10.015625,0.5077077991345552,0.49229220086544473,0.6666755470449242,0.049296484640462435,South Dakota,0.5547580532355108,15,Nebraska,0.004588048508604836,Tennessee,0.0002891029372221743,7,0.14
578,10.03125,0.5077045935445502,0.49229540645544967,0.666676547618005,0.04929642082385444,South Dakota,0.5547589999373111,15,Nebraska,0.00458833562369676,Tennessee,0.00028860062698776723,7,0.14
579,10.046875,0.5077013694883853,0.4922986305116148,0.6666775539519337,0.04929635663955634,South Dakota,0.5547599520906619,15,Nebraska,0.0045886243912847124,Tennessee,0.0002880954258752677,7,0.14
580,10.0625,0.5076981271876526,0.4923018728123473,0.6666785659774908,0.04929629209197828,South Dakota,0.5547609096300851,15,Nebraska,0.00458891479149659,Tennessee,0.0002875873686540853,7,0.14
581,10.078125,0.5076948668617234,0.4923051331382767,0.6666795836261521,0.04929622718548621,South Dakota,0.5547618724907606,15,Nebraska,0.0045892068046593515,Tennessee,0.0002870764897459077,7,0.14
582,10.09375,0.5076915887277704,0.49230841127222963,0.6666806068300789,0.04929616192440256,South Dakota,0.5547628406085171,15,Nebraska,0.0045895004112964655,Tennessee,0.00028656282322725435,7,0.14
583,10.109375,0.5076882930007922,0.4923117069992078,0.6666816355221126,0.04929609631300658,South Dakota,0.5547638139198255,15,Nebraska,0.004589795592127577,Tennessee,0.00028604640283258487,7,0.14
584,10.125,0.507684979893636,0.4923150201063639,0.666682669635766,0.049296030355534315,South Dakota,0.5547647923617932,15,Nebraska,0.004590092328064621,Tennessee,0.00028552726195996136,7,0.14
585,10.140625,0.5076816496170207,0.49231835038297933,0.6666837091052172,0.04929596405617953,South Dakota,0.5547657758721558,15,Nebraska,0.004590390600210381,Tennessee,0.0002850054336723806,7,0.14
586,10.15625,0.5076783023795589,0.4923216976204411,0.6666847538653022,0.04929589741909435,South Dakota,0.5547667643892717,15,Nebraska,0.004590690389856489,Tennessee,0.0002844809507032142,7,0.14
587,10.171875,0.5076749383877802,0.4923250616122198,0.6666858038515076,0.049295830448389366,South Dakota,0.5547677578521146,15,Nebraska,0.0045909916784820926,Tennessee,0.0002839538454580959,7,0.14
588,10.1875,0.5076715578461526,0.49232844215384747,0.666686858999964,0.049295763148133775,South Dakota,0.554768756200268,15,Nebraska,0.004591294447750194,Tennessee,0.00028342415002013954,7,0.14
589,10.203125,0.5076681609571043,0.4923318390428957,0.6666879192474396,0.04929569552235691,South Dakota,0.5547697593739169,15,Nebraska,0.004591598679507869,Tennessee,0.00028289189615127164,7,0.14
590,10.21875,0.5076647479210459,0.49233525207895407,0.6666889845313325,0.04929562757504702,South Dakota,0.5547707673138441,15,Nebraska,0.0045919043557819395,Tennessee,0.0002823571152974491,7,0.14
591,10.234375,0.5076613189363909,0.4923386810636091,0.666690054789665,0.0492955593101535,South Dakota,0.5547717799614215,15,Nebraska,0.004592211458779638,Tennessee,0.00028181983859076887,7,0.14
592,10.25,0.5076578741995774,0.49234212580042264,0.6666911299610763,0.049295490731585456,South Dakota,0.554772797258605,15,Nebraska,0.004592519970884723,Tennessee,0.0002812800968537976,7,0.14
593,10.265625,0.5076544139050885,0.4923455860949114,0.6666922099848163,0.04929542184321423,South Dakota,0.5547738191479281,15,Nebraska,0.004592829874656035,Tennessee,0.00028073792060179237,7,0.14
594,10.28125,0.5076509382454734,0.49234906175452653,0.6666932948007397,0.04929535264887197,South Dakota,0.5547748455724966,15,Nebraska,0.0045931411528264965,Tennessee,0.0002801933400469192,7,0.14
595,10.296875,0.507647447411367,0.49235255258863286,0.6666943843492985,0.04929528315235243,South Dakota,0.5547758764759808,15,Nebraska,0.00459345378830045,Tennessee,0.0002796463851004738,7,0.14
596,10.3125,0.507643941591511,0.49235605840848895,0.666695478571537,0.049295213357412715,South Dakota,0.5547769118026116,15,Nebraska,0.004593767764151879,Tennessee,0.00027909708537676714,7,0.14
597,10.328125,0.5076404209727725,0.49235957902722743,0.6666965774090841,0.04929514326777151,South Dakota,0.5547779514971729,15,Nebraska,0.004594083063623522,Tennessee,0.00027854547019601217,7,0.14
598,10.34375,0.507636885740165,0.492363114259835,0.6666976808041487,0.049295072887111435,South Dakota,0.554778995504997,15,Nebraska,0.004594399670124094,Tennessee,0.0002779915685872103,7,0.14
599,10.359375,0.5076333360768667,0.4923666639231332,0.6666987886995126,0.04929500221907812,South Dakota,0.5547800437719583,15,Nebraska,0.004594717567226403,Tennessee,0.0002774354092913711,7,0.14
600,10.375,0.5076297721642405,0.49237022783575946,0.6666999010385253,0.04929493126728124,South Dakota,0.5547810962444681,15,Nebraska,0.004595036738667124,Tennessee,0.00027687702076462095,7,0.14
601,10.390625,0.5076261941818527,0.49237380581814727,0.6667010177650969,0.049294860035294596,South Dakota,0.5547821528694681,15,Nebraska,0.00459535716834325,Tennessee,0.00027631643118142257,7,0.14
602,10.40625,0.5076226023074913,0.4923773976925086,0.6667021388236939,0.04929478852665692,South Dakota,0.5547832135944257,15,Nebraska,0.0045956788403116455,Tennessee,0.00027575366843657356,7,0.14
603,10.421875,0.5076189967171857,0.4923810032828144,0.6667032641593318,0.049294716744871514,South Dakota,0.5547842783673285,15,Nebraska,0.004596001738787159,Tennessee,0.00027518876014875904,7,0.14
604,10.4375,0.5076153775852235,0.49238462241477654,0.66670439371757,0.049294644693407275,South Dakota,0.5547853471366778,15,Nebraska,0.0045963258481405145,Tennessee,0.0002746217336638823,7,0.14
605,10.453125,0.5076117450841697,0.4923882549158302,0.6667055274445066,0.049294572375698786,South Dakota,0.5547864198514849,15,Nebraska,0.004596651152897202,Tennessee,0.00027405261605661924,7,0.14
606,10.46875,0.5076080993848848,0.49239190061511523,0.6667066652867722,0.04929449979514655,South Dakota,0.5547874964612652,15,Nebraska,0.004596977637735367,Tennessee,0.0002734814341353031,7,0.14
607,10.484375,0.5076044406565415,0.49239555934345836,0.6667078071915248,0.049294426955117765,South Dakota,0.5547885769160312,15,Nebraska,0.004597305287485254,Tennessee,0.0002729082144418138,7,0.14
608,10.5,0.5076007690666432,0.49239923093335686,0.666708953106444,0.04929435385894643,South Dakota,0.5547896611662908,15,Nebraska,0.004597634087126101,Tennessee,0.0002723329832569066,7,0.14
609,10.515625,0.50759708478104,0.4924029152189599,0.6667101029797253,0.04929428050993312,South Dakota,0.5547907491630388,15,Nebraska,0.004597964021785472,Tennessee,0.00027175576660154466,7,0.14
610,10.53125,0.5075933879639479,0.492406612036052,0.6667112567600757,0.04929420691134634,South Dakota,0.5547918408577542,15,Nebraska,0.004598295076738368,Tennessee,0.0002711765902404517,7,0.14
611,10.546875,0.5075896787779637,0.49241032122203626,0.6667124143967078,0.049294133066422385,South Dakota,0.5547929362023938,15,Nebraska,0.004598627237404562,Tennessee,0.00027059547968355524,7,0.14
612,10.5625,0.5075859573840827,0.4924140426159173,0.6667135758393345,0.049294058978365696,South Dakota,0.554794035149388,15,Nebraska,0.004598960489347381,Tennessee,0.0002700124601900944,7,0.14
613,10.578125,0.5075822239417151,0.4924177760582849,0.666714741038164,0.04929398465034862,South Dakota,0.5547951376516355,15,Nebraska,0.004599294818272148,Tennessee,0.0002694275567699522,7,0.14
614,10.59375,0.5075784786087024,0.4924215213912976,0.6667159099438946,0.04929391008551298,South Dakota,0.5547962436624988,15,Nebraska,0.00459963021002574,Tennessee,0.00026884079418687534,7,0.14
615,10.609375,0.5075747215413334,0.4924252784586666,0.66671708250771,0.0492938352869694,South Dakota,0.5547973531357994,15,Nebraska,0.004599966650593701,Tennessee,0.0002682521969609164,7,0.14
616,10.625,0.5075709528943603,0.49242904710563973,0.6667182586812738,0.04929376025779786,South Dakota,0.5547984660258123,15,Nebraska,0.004600304126099797,Tennessee,0.00026766178937065455,7,0.14
617,10.640625,0.5075671728210142,0.49243282717898584,0.666719438416725,0.04929368500104836,South Dakota,0.554799582287263,15,Nebraska,0.004600642622803908,Tennessee,0.00026706959545641507,7,0.14
618,10.65625,0.5075633814730215,0.49243661852697856,0.6667206216666729,0.0492936095197406,South Dakota,0.5548007018753209,15,Nebraska,0.004600982127101361,Tennessee,0.0002664756390213796,7,0.14
619,10.671875,0.5075595790006183,0.4924404209993817,0.666721808384192,0.04929353381686463,South Dakota,0.5548018247455966,15,Nebraska,0.0046013226255205986,Tennessee,0.00026587994363580503,7,0.14
620,10.6875,0.5075557655525668,0.4924442344474333,0.6667229985228181,0.04929345789538164,South Dakota,0.5548029508541357,15,Nebraska,0.004601664104723069,Tennessee,0.00026528253263791157,7,0.14
621,10.703125,0.5075519412761692,0.4924480587238308,0.6667241920365427,0.0492933817582234,South Dakota,0.5548040801574152,15,Nebraska,0.004602006551500781,Tennessee,0.0002646834291364364,7,0.14
622,10.71875,0.5075481063172836,0.49245189368271636,0.6667253888798083,0.04929330540829269,South Dakota,0.5548052126123398,15,Nebraska,0.004602349952775309,Tennessee,0.0002640826560144083,7,0.14
623,10.734375,0.5075442608203385,0.4924557391796615,0.6667265890075049,0.04929322884846443,South Dakota,0.5548063481762359,15,Nebraska,0.004602694295596899,Tennessee,0.00026348023592925873,7,0.14
624,10.75,0.507540404928347,0.49245959507165293,0.666727792374964,0.04929315208158491,South Dakota,0.5548074868068484,15,Nebraska,0.00460303956714192,Tennessee,0.0002628761913168187,7,0.14
625,10.765625,0.5075365387829218,0.4924634612170783,0.6667289989379556,0.04929307511047276,South Dakota,0.5548086284623365,15,Nebraska,0.00460338575471364,Tennessee,0.000262270544392873,7,0.14
626,10.78125,0.507532662524289,0.492467337475711,0.6667302086526816,0.04929299793791897,South Dakota,0.5548097731012686,15,Nebraska,0.004603732845738451,Tennessee,0.0002616633171558247,7,0.14
627,10.796875,0.5075287762913029,0.49247122370869717,0.6667314214757741,0.049292920566687104,South Dakota,0.554810920682619,15,Nebraska,0.0046040808277670875,Tennessee,0.0002610545313881385,7,0.14
628,10.8125,0.5075248802214588,0.49247511977854114,0.6667326373642889,0.04929284299951431,South Dakota,0.5548120711657634,15,Nebraska,0.004604429688471301,Tennessee,0.00026044420865922735,7,0.14
629,10.828125,0.5075209744509083,0.4924790255490918,0.666733856275702,0.04929276523910986,South Dakota,0.5548132245104751,15,Nebraska,0.004604779415643745,Tennessee,0.0002598323703275618,7,0.14
630,10.84375,0.5075170591144714,0.4924829408855285,0.6667350781679054,0.04929268728815772,South Dakota,0.5548143806769202,15,Nebraska,0.004605129997196533,Tennessee,0.0002592190375421133,7,0.14
631,10.859375,0.5075131343456515,0.49248686565434846,0.6667363029992026,0.04929260914931466,South Dakota,0.5548155396256549,15,Nebraska,0.004605481421160018,Tennessee,0.00025860423124601795,7,0.14
632,10.875,0.5075092002766474,0.49249079972335263,0.666737530728305,0.04929253082521212,South Dakota,0.5548167013176203,15,Nebraska,0.004605833675681681,Tennessee,0.0002579879721767986,7,0.14
633,10.890625,0.5075052570383672,0.4924947429616327,0.6667387613143266,0.04929245231845569,South Dakota,0.5548178657141388,15,Nebraska,0.004606186749024688,Tennessee,0.00025737028086914027,7,0.14
634,10.90625,0.507501304760442,0.4924986952395581,0.6667399947167814,0.04929237363162542,South Dakota,0.5548190327769111,15,Nebraska,0.00460654062956678,Tennessee,0.0002567511776578879,7,0.14
635,10.921875,0.507497343571237,0.49250265642876306,0.6667412308955782,0.04929229476727648,South Dakota,0.5548202024680116,15,Nebraska,0.0046068953057990525,Tennessee,0.0002561306826791565,7,0.14
636,10.9375,0.5074933735978658,0.4925066264021341,0.6667424698110174,0.049292215727938626,South Dakota,0.5548213747498839,15,Nebraska,0.004607250766325732,Tennessee,0.0002555088158716634,7,0.14
637,10.953125,0.507489394966203,0.4925106050337969,0.6667437114237864,0.049292136516117524,South Dakota,0.5548225495853394,15,Nebraska,0.004607606999861291,Tennessee,0.00025488559698050306,7,0.14
638,10.96875,0.5074854078008958,0.49251459219910415,0.6667449556949565,0.04929205713429419,South Dakota,0.5548237269375507,15,Nebraska,0.004607963995231001,Tennessee,0.00025426104555736906,7,0.14
639,10.984375,0.5074814122253767,0.49251858777462326,0.6667462025859777,0.049291977584924984,South Dakota,0.5548249067700506,15,Nebraska,0.004608321741368826,Tennessee,0.0002536351809636628,7,0.14
640,11.0,0.5074774083618763,0.4925225916381238,0.6667474520586767,0.0492918978704433,South Dakota,0.5548260890467264,15,Nebraska,0.004608680227316864,Tennessee,0.0002530080223718256,7,0.14
641,11.015625,0.5074733963314344,0.4925266036685655,0.6667487040752513,0.04929181799325799,South Dakota,0.5548272737318175,15,Nebraska,0.0046090394422235725,Tennessee,0.0002523795887675595,7,0.14
642,11.03125,0.5074693762539132,0.49253062374608686,0.6667499585982684,0.04929173795575503,South Dakota,0.554828460789912,15,Nebraska,0.004609399375343437,Tennessee,0.00025174989895149213,7,0.14
643,11.046875,0.5074653482480075,0.49253465175199257,0.6667512155906584,0.04929165776029676,South Dakota,0.5548296501859421,15,Nebraska,0.004609760016035858,Tennessee,0.00025111897154062035,7,0.14
644,11.0625,0.5074613124312578,0.4925386875687423,0.6667524750157138,0.04929157740922285,South Dakota,0.5548308418851818,15,Nebraska,0.0046101213537634855,Tennessee,0.0002504868249714187,7,0.14
645,11.078125,0.5074572689200613,0.49254273107993873,0.6667537368370832,0.04929149690484991,South Dakota,0.5548320358532426,15,Nebraska,0.004610483378092112,Tennessee,0.00024985347749983955,7,0.14
646,11.09375,0.5074532178296832,0.49254678217031683,0.6667550010187698,0.04929141624947275,South Dakota,0.5548332320560712,15,Nebraska,0.004610846078688113,Tennessee,0.00024921894720519866,7,0.14
647,11.109375,0.5074491592742685,0.49255084072573163,0.6667562675251265,0.04929133544536257,South Dakota,0.5548344304599448,15,Nebraska,0.004611209445319675,Tennessee,0.0002485832519902864,7,0.14
648,11.125,0.5074450933668523,0.49255490663314766,0.6667575363208529,0.0492912544947699,South Dakota,0.554835631031469,15,Nebraska,0.004611573467853125,Tennessee,0.00024794640958314407,7,0.14
649,11.140625,0.5074410202193722,0.49255897978062785,0.666758807370992,0.049291173399922394,South Dakota,0.5548368337375739,15,Nebraska,0.004611938136254823,Tennessee,0.00024730843754083853,7,0.14
650,11.15625,0.5074369399426778,0.49256306005732214,0.6667600806409263,0.04929109216302674,South Dakota,0.5548380385455106,15,Nebraska,0.004612303440587606,Tennessee,0.00024666935324824113,7,0.14
651,11.171875,0.5074328526465426,0.4925671473534574,0.6667613560963752,0.04929101078626774,South Dakota,0.5548392454228489,15,Nebraska,0.0046126693710117905,Tennessee,0.0002460291739215803,7,0.14
652,11.1875,0.507428758439674,0.49257124156032583,0.6667626337033907,0.049290929271809336,South Dakota,0.5548404543374733,15,Nebraska,0.004613035917782393,Tennessee,0.00024538791661010695,7,0.14
653,11.203125,0.5074246574297248,0.4925753425702752,0.6667639134283547,0.04929084762179403,South Dakota,0.5548416652575805,15,Nebraska,0.004613403071249911,Tennessee,0.00024474559819731567,7,0.14
654,11.21875,0.5074205497233024,0.49257945027669764,0.6667651952379757,0.04929076583834413,South Dakota,0.5548428781516755,15,Nebraska,0.00461377082185821,Tennessee,0.00024410223540216602,7,0.14
655,11.234375,0.5074164354259801,0.4925835645740198,0.6667664790992852,0.04929068392356084,South Dakota,0.5548440929885696,15,Nebraska,0.004614139160144193,Tennessee,0.00024345784478185806,7,0.14
656,11.25,0.5074123146423073,0.4925876853576926,0.6667677649796352,0.04929060187952561,South Dakota,0.5548453097373763,15,Nebraska,0.004614508076736468,Tennessee,0.00024281244273194336,7,0.14
657,11.265625,0.5074081874758193,0.4925918125241807,0.6667690528466941,0.049290519708298675,South Dakota,0.5548465283675093,15,Nebraska,0.004614877562354902,Tennessee,0.0002421660454892116,7,0.14
658,11.28125,0.5074040540290474,0.4925959459709526,0.6667703426684438,0.04929043741192096,South Dakota,0.5548477488486785,15,Nebraska,0.004615247607808848,Tennessee,0.000241518669133578,7,0.14
659,11.296875,0.507399914403529,0.4926000855964709,0.6667716344131779,0.049290354992414076,South Dakota,0.5548489711508877,15,Nebraska,0.004615618203998029,Tennessee,0.00024087032958697296,7,0.14
660,11.3125,0.5073957686998175,0.49260423130018255,0.6667729280494965,0.04929027245177908,South Dakota,0.5548501952444324,15,Nebraska,0.00461598934190921,Tennessee,0.0002402210426187823,7,0.14
661,11.328125,0.5073916170174915,0.49260838298250864,0.6667742235463048,0.04929018979199862,South Dakota,0.5548514210998949,15,Nebraska,0.00461636101261742,Tennessee,0.0002395708238440708,7,0.14
662,11.34375,0.5073874594551647,0.49261254054483533,0.6667755208728092,0.04929010701503489,South Dakota,0.5548526486881437,15,Nebraska,0.00461673320728373,Tennessee,0.00023891968872702396,7,0.14
663,11.359375,0.507383296110496,0.4926167038895039,0.6667768199985149,0.04929002412283234,South Dakota,0.5548538779803288,15,Nebraska,0.004617105917155917,Tennessee,0.00023826765258128102,7,0.14
664,11.375,0.5073791270801981,0.492620872919802,0.6667781208932227,0.04928994111731588,South Dakota,0.5548551089478806,15,Nebraska,0.004617479133565694,Tennessee,0.00023761473057215543,7,0.14
665,11.390625,0.5073749524600466,0.49262504753995334,0.666779423527026,0.049289858000391984,South Dakota,0.554856341562506,15,Nebraska,0.004617852847928927,Tennessee,0.00023696093771830018,7,0.14
666,11.40625,0.5073707723448904,0.4926292276551097,0.6667807278703082,0.04928977477394847,South Dakota,0.5548575757961862,15,Nebraska,0.004618227051744972,Tennessee,0.00023630628889237393,7,0.14
667,11.421875,0.5073665868286594,0.49263341317134046,0.6667820338937391,0.049289691439855066,South Dakota,0.5548588116211733,15,Nebraska,0.004618601736595562,Tennessee,0.00023565079882270634,7,0.14
668,11.4375,0.5073623960043749,0.49263760399562506,0.6667833415682738,0.049289607999963736,South Dakota,0.5548600490099889,15,Nebraska,0.0046189768941447,Tennessee,0.00023499448209463036,7,0.14
669,11.453125,0.5073581999641572,0.4926418000358428,0.6667846508651478,0.049289524456108014,South Dakota,0.5548612879354202,15,Nebraska,0.004619352516135766,Tennessee,0.00023433735315281368,7,0.14
670,11.46875,0.5073539987992353,0.4926460012007648,0.6667859617558756,0.04928944081010367,South Dakota,0.5548625283705183,15,Nebraska,0.004619728594393524,Tennessee,0.0002336794263012587,7,0.14
671,11.484375,0.507349792599955,0.4926502074000449,0.6667872742122475,0.04928935706374937,South Dakota,0.554863770288595,15,Nebraska,0.004620105120820561,Tennessee,0.0002330207157056341,7,0.14
672,11.5,0.5073455814557887,0.4926544185442113,0.6667885882063272,0.049289273218825924,South Dakota,0.5548650136632206,15,Nebraska,0.004620482087399624,Tennessee,0.00023236123539405185,7,0.14
673,11.515625,0.5073413654553419,0.492658634544658,0.666789903710449,0.049289189277097245,South Dakota,0.5548662584682215,15,Nebraska,0.004620859486189843,Tennessee,0.00023170099925928778,7,0.14
674,11.53125,0.507337144686364,0.492662855313636,0.6667912206972147,0.04928910524030983,South Dakota,0.5548675046776771,15,Nebraska,0.004621237309327619,Tennessee,0.00023104002105889254,7,0.14
675,11.546875,0.5073329192357549,0.4926670807642451,0.6667925391394915,0.04928902111019373,South Dakota,0.5548687522659176,15,Nebraska,0.004621615549026292,Tennessee,0.00023037831441685697,7,0.14
676,11.5625,0.5073286891895739,0.4926713108104261,0.6667938590104099,0.04928893688846192,South Dakota,0.5548700012075225,15,Nebraska,0.004621994197573476,Tennessee,0.00022971589282616556,7,0.14
677,11.578125,0.507324454633048,0.4926755453669519,0.6667951802833595,0.049288852576810815,South Dakota,0.5548712514773163,15,Nebraska,0.004622373247332168,Tennessee,0.00022905276964813037,7,0.14
678,11.59375,0.5073202156505802,0.4926797843494198,0.6667965029319886,0.04928876817692085,South Dakota,0.5548725030503683,15,Nebraska,0.004622752690738863,Tennessee,0.00022838895811561066,7,0.14
679,11.609375,0.5073159723257566,0.49268402767424335,0.6667978269301996,0.04928868369045569,South Dakota,0.5548737559019877,15,Nebraska,0.004623132520303996,Tennessee,0.00022772447133179163,7,0.14
680,11.625,0.5073117247413552,0.49268827525864467,0.6667991522521484,0.049288599119063026,South Dakota,0.5548750100077238,15,Nebraska,0.0046235127286102795,Tennessee,0.00022705932227440329,7,0.14
681,11.640625,0.5073074729793536,0.4926925270206463,0.6668004788722406,0.0492885144643751,South Dakota,0.5548762653433621,15,Nebraska,0.004623893308312255,Tennessee,0.0002263935237946102,7,0.14
682,11.65625,0.5073032171209366,0.49269678287906343,0.6668018067651295,0.04928842972800751,South Dakota,0.5548775218849225,15,Nebraska,0.004624274252135074,Tennessee,0.000225727088619454,7,0.14
683,11.671875,0.5072989572465035,0.49270104275349647,0.6668031359057139,0.04928834491156109,South Dakota,0.5548787796086564,15,Nebraska,0.00462465555287539,Tennessee,0.00022506002935229752,7,0.14
684,11.6875,0.5072946934356766,0.4927053065643233,0.6668044662691358,0.049288260016620566,South Dakota,0.554880038491046,15,Nebraska,0.004625037203398685,Tennessee,0.00022439235847482308,7,0.14
685,11.703125,0.5072904257673081,0.49270957423269196,0.6668057978307776,0.04928817504475602,South Dakota,0.5548812985088005,15,Nebraska,0.004625419196640057,Tennessee,0.00022372408834780977,7,0.14
686,11.71875,0.5072861543194875,0.4927138456805126,0.6668071305662598,0.049288089997521434,South Dakota,0.5548825596388544,15,Nebraska,0.004625801525603324,Tennessee,0.00022305523121157744,7,0.14
687,11.734375,0.5072818791695493,0.4927181208304507,0.6668084644514392,0.04928800487645668,South Dakota,0.5548838218583657,15,Nebraska,0.004626184183359139,Tennessee,0.00022238579918887336,7,0.14
688,11.75,0.5072776003940802,0.4927223996059198,0.6668097994624061,0.04928791968308599,South Dakota,0.5548850851447134,15,Nebraska,0.0046265671630458804,Tennessee,0.00022171580428442805,7,0.14
689,11.765625,0.507273318068926,0.492726681931074,0.6668111355754827,0.049287834418919596,South Dakota,0.5548863494754952,15,Nebraska,0.004626950457868539,Tennessee,0.00022104525838650968,7,0.14
690,11.78125,0.5072690322691992,0.4927309677308008,0.6668124727672198,0.049287749085452304,South Dakota,0.554887614828526,15,Nebraska,0.004627334061097721,Tennessee,0.0002203741732689224,7,0.14
691,11.796875,0.5072647430692858,0.49273525693071424,0.6668138110143957,0.049287663684165484,South Dakota,0.5548888811818351,15,Nebraska,0.0046277179660692,Tennessee,0.00021970256059045123,7,0.14
692,11.8125,0.5072604505428522,0.4927395494571477,0.6668151502940135,0.049287578216525296,South Dakota,0.5548901485136644,15,Nebraska,0.004628102166183257,Tennessee,0.00021903043189741567,7,0.14
693,11.828125,0.5072561547628525,0.4927438452371475,0.6668164905832985,0.04928749268398369,South Dakota,0.5548914168024667,15,Nebraska,0.004628486654904562,Tennessee,0.00021835779862422466,7,0.14
694,11.84375,0.5072518558015346,0.4927481441984653,0.6668178318596975,0.04928740708797952,South Dakota,0.5548926860269032,15,Nebraska,0.004628871425760517,Tennessee,0.00021768467209437592,7,0.14
695,11.859375,0.5072475537304483,0.49275244626955167,0.6668191741008745,0.04928732142993697,South Dakota,0.5548939561658421,15,Nebraska,0.004629256472341248,Tennessee,0.00021701106352201016,7,0.14
696,11.875,0.5072432486204501,0.49275675137954983,0.6668205172847109,0.04928723571126625,South Dakota,0.5548952271983556,15,Nebraska,0.004629641788299832,Tennessee,0.00021633698401180013,7,0.14
697,11.890625,0.5072389405417119,0.492761059458288,0.6668218613893018,0.04928714993336447,South Dakota,0.5548964991037187,15,Nebraska,0.004630027367350076,Tennessee,0.00021566244456139305,7,0.14
698,11.90625,0.507234629563726,0.49276537043627405,0.6668232063929547,0.04928706409761552,South Dakota,0.5548977718614077,15,Nebraska,0.004630413203266848,Tennessee,0.00021498745606141068,7,0.14
699,11.921875,0.5072303157553122,0.49276968424468776,0.6668245522741869,0.04928697820538874,South Dakota,0.5548990454510965,15,Nebraska,0.004630799289885745,Tennessee,0.0002143120292972256,7,0.14
700,11.9375,0.5072259991846244,0.4927740008153756,0.6668258990117247,0.049286892258041504,South Dakota,0.5549003198526572,15,Nebraska,0.004631185621101541,Tennessee,0.0002136361749491833,7,0.14
701,11.953125,0.5072216799191567,0.4927783200808433,0.6668272465844995,0.04928680625691695,South Dakota,0.5549015950461558,15,Nebraska,0.004631572190869404,Tennessee,0.00021295990359437855,7,0.14
702,11.96875,0.5072173580257495,0.4927826419742504,0.6668285949716478,0.049286720203346124,South Dakota,0.5549028710118524,15,Nebraska,0.004631958993201124,Tennessee,0.00021228322570721048,7,0.14
703,11.984375,0.5072130335705965,0.49278696642940345,0.666829944152508,0.04928663409864642,South Dakota,0.5549041477301977,15,Nebraska,0.004632346022168887,Tennessee,0.00021160615166038177,7,0.14
704,12.0,0.50720870661925,0.49279129338075,0.6668312941066183,0.049286547944123016,South Dakota,0.5549054251818322,15,Nebraska,0.004632733271900391,Tennessee,0.00021092869172600892,7,0.14
705,12.015625,0.5072043772366274,0.4927956227633726,0.6668326448137165,0.04928646174106843,South Dakota,0.5549067033475839,15,Nebraska,0.004633120736581731,Tennessee,0.00021025085607639937,7,0.14
706,12.03125,0.5072000454870174,0.4927999545129826,0.666833996253736,0.049286375490762424,South Dakota,0.5549079822084666,15,Nebraska,0.004633508410454845,Tennessee,0.00020957265478527276,7,0.14
707,12.046875,0.5071957114340855,0.4928042885659145,0.6668353484068053,0.04928628919447242,South Dakota,0.5549092617456789,15,Nebraska,0.004633896287817407,Tennessee,0.00020889409782831603,7,0.14
708,12.0625,0.5071913751408805,0.4928086248591195,0.6668367012532451,0.04928620285345364,South Dakota,0.5549105419406006,15,Nebraska,0.004634284363023156,Tennessee,0.0002082151950845157,7,0.14
709,12.078125,0.50718703666984,0.49281296333016,0.6668380547735678,0.04928611646894898,South Dakota,0.554911822774793,15,Nebraska,0.004634672630479897,Tennessee,0.00020753595633660193,7,0.14
710,12.09375,0.5071826960827962,0.4928173039172038,0.6668394089484748,0.04928603004218968,South Dakota,0.5549131042299963,15,Nebraska,0.004635061084650061,Tennessee,0.00020685639127293598,7,0.14
711,12.109375,0.5071783534409819,0.4928216465590181,0.6668407637588546,0.04928594357439475,South Dakota,0.5549143862881275,15,Nebraska,0.004635449720049922,Tennessee,0.00020617650948728805,7,0.14
712,12.125,0.5071740088050357,0.49282599119496423,0.6668421191857813,0.04928585706677113,South Dakota,0.5549156689312792,15,Nebraska,0.00463583853124927,Tennessee,0.00020549632047972555,7,0.14
713,12.140625,0.5071696622350084,0.4928303377649916,0.6668434752105131,0.04928577052051453,South Dakota,0.5549169521417182,15,Nebraska,0.0046362275128702946,Tennessee,0.00020481583365850042,7,0.14
714,12.15625,0.5071653137903677,0.49283468620963233,0.6668448318144903,0.04928568393680888,South Dakota,0.5549182359018834,15,Nebraska,0.004636616659587367,Tennessee,0.0002041350583406043,7,0.14
715,12.171875,0.5071609635300041,0.49283903646999594,0.6668461889793331,0.04928559731682669,South Dakota,0.5549195201943838,15,Nebraska,0.004637005966127483,Tennessee,0.0002034540037514354,7,0.14
716,12.1875,0.5071566115122366,0.4928433884877633,0.6668475466868409,0.049285510661728815,South Dakota,0.5549208050019983,15,Nebraska,0.004637395427268265,Tennessee,0.00020277267902779617,7,0.14
717,12.203125,0.5071522577948179,0.49284774220518207,0.66684890491899,0.04928542397266533,South Dakota,0.5549220903076726,15,Nebraska,0.004637785037837627,Tennessee,0.000202091093216894,7,0.14
718,12.21875,0.5071479024349395,0.49285209756506054,0.6668502636579314,0.04928533725077466,South Dakota,0.5549233760945181,15,Nebraska,0.004638174792715222,Tennessee,0.00020140925527767362,7,0.14
719,12.234375,0.5071435454892372,0.4928564545107628,0.666851622885991,0.049285250497184574,South Dakota,0.5549246623458111,15,Nebraska,0.004638564686829438,Tennessee,0.0002007271740824823,7,0.14
720,12.25,0.5071391870137965,0.4928608129862035,0.6668529825856652,0.049285163713011504,South Dakota,0.5549259490449896,15,Nebraska,0.004638954715158516,Tennessee,0.00020004485841640385,7,0.14
721,12.265625,0.5071348270641576,0.4928651729358424,0.6668543427396219,0.049285076899361235,South Dakota,0.5549272361756535,15,Nebraska,0.004639344872729878,Tennessee,0.0001993623169793679,7,0.14
722,12.28125,0.5071304656953204,0.4928695343046796,0.6668557033306972,0.04928499005732878,South Dakota,0.5549285237215626,15,Nebraska,0.004639735154618685,Tennessee,0.00019867955838714924,7,0.14
723,12.296875,0.50712610296175,0.49287389703825,0.6668570643418948,0.04928490318799872,South Dakota,0.5549298116666339,15,Nebraska,0.0046401255559487264,Tennessee,0.00019799659117025747,7,0.14
724,12.3125,0.5071217389173811,0.4928782610826188,0.6668584257563838,0.04928481629244441,South Dakota,0.5549310999949418,15,Nebraska,0.004640516071890977,Tennessee,0.00019731342377671268,7,0.14
725,12.328125,0.5071173736156239,0.49288262638437613,0.6668597875574975,0.049284729371729785,South Dakota,0.5549323886907157,15,Nebraska,0.004640906697663927,Tennessee,0.0001966300645718233,7,0.14
726,12.34375,0.5071130071093679,0.49288699289063215,0.6668611497287317,0.049284642426907666,South Dakota,0.5549336777383386,15,Nebraska,0.004641297428532476,Tennessee,0.00019594652183962946,7,0.14
727,12.359375,0.5071086394509875,0.49289136054901245,0.6668625122537429,0.04928455545902066,South Dakota,0.5549349671223458,15,Nebraska,0.004641688259807597,Tennessee,0.00019526280378290295,7,0.14
728,12.375,0.5071042706923471,0.49289572930765296,0.6668638751163476,0.049284468469101506,South Dakota,0.5549362568274238,15,Nebraska,0.004642079186846337,Tennessee,0.00019457891852403542,7,0.14
729,12.390625,0.5070999008848048,0.49290009911519517,0.6668652383005199,0.04928438145817282,South Dakota,0.5549375468384079,15,Nebraska,0.004642470205051374,Tennessee,0.00019389487410681472,7,0.14
730,12.40625,0.5070955300792184,0.4929044699207817,0.6668666017903907,0.04928429442724691,South Dakota,0.5549388371402821,15,Nebraska,0.004642861309869684,Tennessee,0.00019321067849553675,7,0.14
731,12.421875,0.5070911583259491,0.4929088416740509,0.6668679655702457,0.04928420737732686,South Dakota,0.5549401277181768,15,Nebraska,0.004643252496792982,Tennessee,0.00019252633957744791,7,0.14
732,12.4375,0.5070867856748665,0.4929132143251334,0.6668693296245245,0.04928412030940521,South Dakota,0.5549414185573674,15,Nebraska,0.00464364376135773,Tennessee,0.00019184186516163493,7,0.14
733,12.453125,0.5070824121753538,0.4929175878246462,0.6668706939378187,0.04928403322446551,South Dakota,0.554942709643274,15,Nebraska,0.004644035099142796,Tennessee,0.00019115726298168934,7,0.14
734,12.46875,0.507078037876311,0.492921962123689,0.6668720584948706,0.049283946123481415,South Dakota,0.5549440009614584,15,Nebraska,0.004644426505771904,Tennessee,0.00019047254069470831,7,0.14
735,12.484375,0.5070736628261605,0.49292633717383944,0.6668734232805719,0.04928385900741661,South Dakota,0.554945292497624,15,Nebraska,0.004644817976910298,Tennessee,0.00018978770588329308,7,0.14
736,12.5,0.5070692870728514,0.4929307129271486,0.6668747882799624,0.04928377187722632,South Dakota,0.5549465842376144,15,Nebraska,0.0046452095082664124,Tennessee,0.0001891027660552158,7,0.14
737,12.515625,0.5070649106638635,0.49293508933613644,0.6668761534782282,0.04928368473385569,South Dakota,0.5549478761674116,15,Nebraska,0.004645601095590646,Tennessee,0.00018841772864497397,7,0.14
738,12.53125,0.507060533646212,0.4929394663537881,0.6668775188607008,0.049283597578240856,South Dakota,0.5549491682731349,15,Nebraska,0.004645992734675253,Tennessee,0.00018773260101390132,7,0.14
739,12.546875,0.5070561560664515,0.49294384393354845,0.6668788844128553,0.04928351041130885,South Dakota,0.5549504605410395,15,Nebraska,0.0046463844213534555,Tennessee,0.00018704739045127816,7,0.14
740,12.5625,0.5070517779706809,0.4929482220293191,0.6668802501203097,0.049283423233977275,South Dakota,0.5549517529575161,15,Nebraska,0.004646776151499443,Tennessee,0.0001863621041747754,7,0.14
741,12.578125,0.507047399404547,0.49295260059545304,0.6668816159688229,0.04928333604715518,South Dakota,0.5549530455090882,15,Nebraska,0.00464716792102815,Tennessee,0.00018567674933067657,7,0.14
742,12.59375,0.5070430204132491,0.4929569795867509,0.6668829819442936,0.04928324885174262,South Dakota,0.5549543381824117,15,Nebraska,0.004647559725894479,Tennessee,0.00018499133299554327,7,0.14
743,12.609375,0.5070386410415427,0.49296135895845716,0.6668843480327596,0.04928316164863078,South Dakota,0.5549556309642739,15,Nebraska,0.004647951562093522,Tennessee,0.00018430586217599298,7,0.14
744,12.625,0.5070342613337445,0.4929657386662554,0.6668857142203954,0.04928307443870206,South Dakota,0.5549569238415919,15,Nebraska,0.004648343425659451,Tennessee,0.00018362034380969838,7,0.14
745,12.640625,0.5070298813337352,0.4929701186662647,0.6668870804935116,0.049282987222829866,South Dakota,0.554958216801411,15,Nebraska,0.0046487353126652975,Tennessee,0.00018293478476583136,7,0.14
746,12.65625,0.5070255010849648,0.4929744989150352,0.666888446838554,0.04928290000187974,South Dakota,0.5549595098309048,15,Nebraska,0.00464912721922317,Tennessee,0.0001822491918468394,7,0.14
747,12.671875,0.5070211206304556,0.4929788793695443,0.6668898132421015,0.04928281277670832,South Dakota,0.5549608029173723,15,Nebraska,0.0046495191414834824,Tennessee,0.00018156357178644722,7,0.14
748,12.6875,0.507016740012807,0.492983259987193,0.6668911796908653,0.04928272554816382,South Dakota,0.5549620960482382,15,Nebraska,0.004649911075634394,Tennessee,0.00018087793125343143,7,0.14
749,12.703125,0.5070123592741985,0.4929876407258015,0.6668925461716877,0.04928263831708579,South Dakota,0.5549633892110507,15,Nebraska,0.0046503030179019245,Tennessee,0.00018019227684973327,7,0.14
750,12.71875,0.5070079784563946,0.4929920215436054,0.6668939126715406,0.049282551084306236,South Dakota,0.5549646823934812,15,Nebraska,0.0046506949645492845,Tennessee,0.00017950661511256794,7,0.14
751,12.734375,0.5070035976007476,0.4929964023992524,0.6668952791775254,0.049282463850648495,South Dakota,0.5549659755833227,15,Nebraska,0.004651086911876656,Tennessee,0.0001788209525142026,7,0.14
752,12.75,0.5069992167482024,0.49300078325179764,0.6668966456768699,0.049282376616928025,South Dakota,0.5549672687684887,15,Nebraska,0.0046514788562203035,Tennessee,0.00017813529546362172,7,0.14
753,12.765625,0.5069948359392994,0.4930051640607006,0.6668980121569286,0.04928228938395174,South Dakota,0.5549685619370116,15,Nebraska,0.004651870793954016,Tennessee,0.00017744965030497273,7,0.14
754,12.78125,0.5069904552141788,0.4930095447858212,0.6668993786051812,0.04928220215251933,South Dakota,0.5549698550770434,15,Nebraska,0.004652262721486,Tennessee,0.00017676402332122976,7,0.14
755,12.796875,0.506986074612584,0.49301392538741595,0.6669007450092311,0.04928211492342183,South Dakota,0.5549711481768519,15,Nebraska,0.004652654635261322,Tennessee,0.00017607842073152913,7,0.14
756,12.8125,0.5069816941738655,0.4930183058261344,0.6669021113568046,0.04928202769744294,South Dakota,0.554972441224822,15,Nebraska,0.004653046531759242,Tennessee,0.0001753928486945,7,0.14
757,12.828125,0.5069773139369843,0.4930226860630157,0.66690347763575,0.04928194047535861,South Dakota,0.5549737342094536,15,Nebraska,0.00465343840749477,Tennessee,0.00017470731330693212,7,0.14
758,12.84375,0.5069729339405153,0.4930270660594846,0.6669048438340356,0.04928185325793699,South Dakota,0.55497502711936,15,Nebraska,0.004653830259017444,Tennessee,0.00017402182060544114,7,0.14
759,12.859375,0.5069685542226515,0.49303144577734836,0.6669062099397496,0.04928176604593848,South Dakota,0.5549763199432682,15,Nebraska,0.00465422208291022,Tennessee,0.00017333637656635759,7,0.14
760,12.875,0.506964174821207,0.4930358251787929,0.6669075759410982,0.04928167884011603,South Dakota,0.554977612670017,15,Nebraska,0.004654613875791136,Tennessee,0.0001726509871067261,7,0.14
761,12.890625,0.5069597957736205,0.49304020422637945,0.6669089418264051,0.049281591641215705,South Dakota,0.5549789052885556,15,Nebraska,0.004655005634311538,Tennessee,0.00017196565808452746,7,0.14
762,12.90625,0.5069554171169587,0.4930445828830412,0.6669103075841102,0.04928150444997503,South Dakota,0.5549801977879438,15,Nebraska,0.004655397355155744,Tennessee,0.00017128039529978878,7,0.14
763,12.921875,0.5069510388879203,0.4930489611120797,0.6669116732027682,0.04928141726712498,South Dakota,0.5549814901573498,15,Nebraska,0.004655789035041824,Tennessee,0.0001705952044939174,7,0.14
764,12.9375,0.5069466611228384,0.4930533388771616,0.6669130386710483,0.04928133009338931,South Dakota,0.55498278238605,15,Nebraska,0.004656180670719712,Tennessee,0.0001699100913521434,7,0.14
765,12.953125,0.5069422838576849,0.49305771614231503,0.6669144039777323,0.049281242929484215,South Dakota,0.5549840744634271,15,Nebraska,0.004656572258972869,Tennessee,0.0001692250615016322,7,0.14
766,12.96875,0.506937907128073,0.49306209287192704,0.6669157691117142,0.04928115577611869,South Dakota,0.5549853663789709,15,Nebraska,0.004656963796615732,Tennessee,0.00016854012051426004,7,0.14
767,12.984375,0.5069335309692607,0.49306646903073936,0.666917134061999,0.049281068633995506,South Dakota,0.5549866581222748,15,Nebraska,0.00465735528049549,Tennessee,0.000167855273905837,7,0.14
768,13.0,0.5069291554161544,0.4930708445838456,0.6669184988177012,0.049280981503808774,South Dakota,0.5549879496830368,15,Nebraska,0.004657746707490418,Tennessee,0.00016717052713688396,7,0.14
769,13.015625,0.5069247805033116,0.4930752194966884,0.666919863368045,0.04928089438624761,South Dakota,0.5549892410510582,15,Nebraska,0.004658138074510543,Tennessee,0.0001664858856131879,7,0.14
770,13.03125,0.5069204062649444,0.49307959373505567,0.6669212277023617,0.04928080728199291,South Dakota,0.554990532216242,15,Nebraska,0.004658529378496423,Tennessee,0.00016580135468646784,7,0.14
771,13.046875,0.5069160327349227,0.49308396726507736,0.6669225918100904,0.04928072019171936,South Dakota,0.5549918231685924,15,Nebraska,0.004658920616419482,Tennessee,0.0001651169396548191,7,0.14
772,13.0625,0.506911659946777,0.49308834005322294,0.6669239556807753,0.049280633116094985,South Dakota,0.554993113898214,15,Nebraska,0.004659311785281339,Tennessee,0.0001644326457626022,7,0.14
773,13.078125,0.5069072879337021,0.4930927120662979,0.6669253193040663,0.04928054605578025,South Dakota,0.5549944043953107,15,Nebraska,0.004659702882114369,Tennessee,0.0001637484782018861,7,0.14
774,13.09375,0.5069029167285592,0.49309708327144075,0.6669266826697167,0.049280459011429745,South Dakota,0.5549956946501845,15,Nebraska,0.004660093903980145,Tennessee,0.0001630644421124483,7,0.14
775,13.109375,0.5068985463638802,0.4931014536361198,0.6669280457675835,0.04928037198369173,South Dakota,0.5549969846532352,15,Nebraska,0.004660484847970325,Tennessee,0.00016238054258199686,7,0.14
776,13.125,0.5068941768718693,0.49310582312813067,0.6669294085876254,0.04928028497320702,South Dakota,0.5549982743949594,15,Nebraska,0.004660875711205326,Tennessee,0.00016169678464728054,7,0.14
777,13.140625,0.5068898082844072,0.49311019171559267,0.6669307711199028,0.04928019798061134,South Dakota,0.554999563865949,15,Nebraska,0.004661266490835647,Tennessee,0.00016101317329375586,7,0.14
778,13.15625,0.5068854406330535,0.4931145593669464,0.6669321333545757,0.04928011100653229,South Dakota,0.555000853056891,15,Nebraska,0.004661657184039436,Tennessee,0.0001603297134570303,7,0.14
779,13.171875,0.5068810739490495,0.4931189260509505,0.6669334952819042,0.04928002405159271,South Dakota,0.5550021419585665,15,Nebraska,0.004662047788024148,Tennessee,0.00015964641002219615,7,0.14
780,13.1875,0.5068767082633213,0.49312329173667874,0.6669348568922464,0.04927993711640832,South Dakota,0.5550034305618496,15,Nebraska,0.004662438300024774,Tennessee,0.000158963267825607,7,0.14
781,13.203125,0.5068723436064826,0.49312765639351736,0.6669362181760582,0.04927985020158876,South Dakota,0.5550047188577067,15,Nebraska,0.0046628287173053895,Tennessee,0.00015828029165376734,7,0.14
782,13.21875,0.5068679800088378,0.4931320199911622,0.666937579123892,0.049279763307737534,South Dakota,0.5550060068371959,15,Nebraska,0.004663219037156829,Tennessee,0.00015759748624522008,7,0.14
783,13.234375,0.5068636175003844,0.4931363824996156,0.6669389397263964,0.0492796764354525,South Dakota,0.5550072944914657,15,Nebraska,0.004663609256897905,Tennessee,0.00015691485629010238,7,0.14
784,13.25,0.5068592561108158,0.4931407438891841,0.6669402999743145,0.049279589585324524,South Dakota,0.5550085818117543,15,Nebraska,0.004663999373874739,Tennessee,0.00015623240643103387,7,0.14
785,13.265625,0.5068548958695247,0.49314510413047535,0.6669416598584837,0.04927950275793935,South Dakota,0.5550098687893892,15,Nebraska,0.004664389385460543,Tennessee,0.00015555014126311661,7,0.14
786,13.28125,0.5068505368056049,0.49314946319439523,0.6669430193698349,0.049279415953876415,South Dakota,0.555011155415786,15,Nebraska,0.00466477928905451,Tennessee,0.00015486806533482333,7,0.14
787,13.296875,0.5068461789478544,0.49315382105214556,0.6669443784993906,0.04927932917370914,South Dakota,0.5550124416824476,15,Nebraska,0.004665169082083143,Tennessee,0.0001541861831481084,7,0.14
788,13.3125,0.5068418223247787,0.4931581776752213,0.6669457372382658,0.04927924241800519,South Dakota,0.5550137275809636,15,Nebraska,0.004665558761999589,Tennessee,0.00015350449915918496,7,0.14
789,13.328125,0.5068374669645924,0.4931625330354076,0.6669470955776655,0.0492791556873271,South Dakota,0.5550150131030092,15,Nebraska,0.004665948326281866,Tennessee,0.00015282301777830298,7,0.14
790,13.34375,0.5068331128952225,0.49316688710477746,0.6669484535088849,0.04927906898223022,South Dakota,0.5550162982403448,15,Nebraska,0.004666337772434637,Tennessee,0.00015214174337063735,7,0.14
791,13.359375,0.5068287601443108,0.4931712398556892,0.6669498110233082,0.04927898230326566,South Dakota,0.5550175829848154,15,Nebraska,0.004666727097987877,Tennessee,0.0001514606802572871,7,0.14
792,13.375,0.5068244087392164,0.49317559126078353,0.6669511681124081,0.04927889565097843,South Dakota,0.5550188673283487,15,Nebraska,0.004667116300497098,Tennessee,0.0001507798327138321,7,0.14
793,13.390625,0.5068200587070186,0.4931799412929814,0.6669525247677445,0.04927880902590753,South Dakota,0.5550201512629561,15,Nebraska,0.004667505377542347,Tennessee,0.0001500992049726646,7,0.14
794,13.40625,0.506815710074519,0.493184289925481,0.6669538809809639,0.04927872242858722,South Dakota,0.55502143478073,15,Nebraska,0.004667894326729538,Tennessee,0.0001494188012228781,7,0.14
795,13.421875,0.5068113628682442,0.49318863713175576,0.6669552367437992,0.049278635859545616,South Dakota,0.5550227178738447,15,Nebraska,0.004668283145688568,Tennessee,0.00014873862560949025,7,0.14
796,13.4375,0.5068070171144483,0.49319298288555163,0.6669565920480678,0.04927854931930575,South Dakota,0.5550240005345553,15,Nebraska,0.004668671832073645,Tennessee,0.00014805868223599639,7,0.14
797,13.453125,0.5068026728391155,0.49319732716088444,0.6669579468856719,0.04927846280838499,South Dakota,0.5550252827551958,15,Nebraska,0.004669060383563406,Tennessee,0.00014737897516226006,7,0.14
798,13.46875,0.5067983300679622,0.4932016699320379,0.6669593012485971,0.0492783763272957,South Dakota,0.55502656452818,15,Nebraska,0.00466944879786102,Tennessee,0.00014669950840673351,7,0.14
799,13.484375,0.5067939888264394,0.49320601117356055,0.666960655128912,0.049278289876545034,South Dakota,0.5550278458459998,15,Nebraska,0.004669837072692307,Tennessee,0.00014602028594690175,7,0.14
800,13.5,0.5067896491397358,0.4932103508602642,0.666962008518767,0.04927820345663436,South Dakota,0.5550291267012247,15,Nebraska,0.004670225205807732,Tennessee,0.0001453413117175062,7,0.14
801,13.515625,0.5067853110327791,0.49321468896722087,0.6669633614103941,0.04927811706806051,South Dakota,0.5550304070865014,15,Nebraska,0.004670613194980633,Tennessee,0.00014466258961387535,7,0.14
802,13.53125,0.5067809745302394,0.49321902546976065,0.666964713796106,0.04927803071131487,South Dakota,0.5550316869945526,15,Nebraska,0.0046710010380074385,Tennessee,0.00014398412349014844,7,0.14
803,13.546875,0.5067766396565305,0.49322336034346953,0.6669660656682952,0.0492779443868836,South Dakota,0.5550329664181768,15,Nebraska,0.004671388732707449,Tennessee,0.00014330591716027463,7,0.14
804,13.5625,0.5067723064358131,0.4932276935641869,0.6669674170194327,0.04927785809524787,South Dakota,0.555034245350247,15,Nebraska,0.0046717762769232785,Tennessee,0.0001426279743990122,7,0.14
805,13.578125,0.5067679748919965,0.49323202510800346,0.6669687678420695,0.04927777183688442,South Dakota,0.5550355237837109,15,Nebraska,0.0046721636685195245,Tennessee,0.00014195029894048528,7,0.14
806,13.59375,0.5067636450487412,0.49323635495125884,0.6669701181288328,0.04927768561226409,South Dakota,0.5550368017115896,15,Nebraska,0.004672550905382655,Tennessee,0.00014127289448151448,7,0.14
807,13.609375,0.5067593169294607,0.49324068307053925,0.6669714678724278,0.04927759942185361,South Dakota,0.5550380791269771,15,Nebraska,0.004672937985422676,Tennessee,0.00014059576467884138,7,0.14
808,13.625,0.5067549905573245,0.49324500944267546,0.6669728170656355,0.049277513266114514,South Dakota,0.5550393560230393,15,Nebraska,0.004673324906570242,Tennessee,0.00013991891315123794,7,0.14
809,13.640625,0.5067506659552594,0.4932493340447407,0.6669741657013132,0.049277427145503316,South Dakota,0.5550406323930144,15,Nebraska,0.00467371166677788,Tennessee,0.0001392423434796175,7,0.14
810,13.65625,0.506746343145952,0.49325365685404793,0.6669755137723923,0.04927734106047188,South Dakota,0.5550419082302105,15,Nebraska,0.004674098264020654,Tennessee,0.0001385660592070348,7,0.14
811,13.671875,0.5067420221518514,0.4932579778481486,0.6669768612718796,0.049277255011467846,South Dakota,0.5550431835280072,15,Nebraska,0.004674484696293613,Tennessee,0.0001378900638393521,7,0.14
812,13.6875,0.5067377029951705,0.49326229700482954,0.6669782081928547,0.049277168998933196,South Dakota,0.5550444582798532,15,Nebraska,0.004674870961613564,Tennessee,0.00013721436084568328,7,0.14
813,13.703125,0.5067333856978885,0.4932666143021115,0.6669795545284705,0.04927708302330602,South Dakota,0.5550457324792658,15,Nebraska,0.004675257058018967,Tennessee,0.00013653895365794977,7,0.14
814,13.71875,0.5067290702817532,0.4932709297182469,0.6669809002719524,0.04927699708501976,South Dakota,0.5550470061198316,15,Nebraska,0.004675642983567374,Tennessee,0.0001358638456718797,7,0.14
815,13.734375,0.5067247567682824,0.4932752432317175,0.6669822454165972,0.049276911184502836,South Dakota,0.5550482791952043,15,Nebraska,0.0046760287363387665,Tennessee,0.00013518904024745204,7,0.14
816,13.75,0.5067204451787671,0.4932795548212329,0.6669835899557732,0.049276825322179585,South Dakota,0.5550495516991056,15,Nebraska,0.004676414314431887,Tennessee,0.00013451454070878555,7,0.14
817,13.765625,0.5067161355342722,0.49328386446572786,0.6669849338829184,0.049276739498469335,South Dakota,0.5550508236253229,15,Nebraska,0.004676799715967128,Tennessee,0.0001338403503448049,7,0.14
818,13.78125,0.5067118278556394,0.4932881721443606,0.6669862771915409,0.049276653713787644,South Dakota,0.5550520949677101,15,Nebraska,0.004677184939083867,Tennessee,0.00013316647240879664,7,0.14
819,13.796875,0.5067075221634891,0.49329247783651087,0.6669876198752187,0.049276567968545404,South Dakota,0.5550533657201866,15,Nebraska,0.004677569981941798,Tennessee,0.00013249291012029651,7,0.14
820,13.8125,0.5067032184782222,0.4932967815217779,0.6669889619275969,0.049276482263148846,South Dakota,0.5550546358767366,15,Nebraska,0.004677954842720045,Tennessee,0.0001318196666636462,7,0.14
821,13.828125,0.5066989168200217,0.4933010831799783,0.6669903033423896,0.04927639659799987,South Dakota,0.555055905431408,15,Nebraska,0.004678339519617936,Tennessee,0.00013114674518910352,7,0.14
822,13.84375,0.5066946172088556,0.49330538279114444,0.6669916441133781,0.049276310973496606,South Dakota,0.5550571743783135,15,Nebraska,0.004678724010852897,Tennessee,0.00013047414881373065,7,0.14
823,13.859375,0.506690319664478,0.493309680335522,0.66699298423441,0.049276225390032624,South Dakota,0.5550584427116277,15,Nebraska,0.004679108314662561,Tennessee,0.0001298018806205059,7,0.14
824,13.875,0.5066860242064313,0.4933139757935687,0.6669943236993993,0.04927613984799717,South Dakota,0.5550597104255888,15,Nebraska,0.004679492429302545,Tennessee,0.00012912994365943398,7,0.14
825,13.890625,0.5066817308540481,0.493318269145952,0.6669956625023254,0.04927605434777527,South Dakota,0.5550609775144961,15,Nebraska,0.004679876353048895,Tennessee,0.0001284583409474349,7,0.14
826,13.90625,0.506677439626453,0.49332256037354705,0.6669970006372328,0.04927596888974828,South Dakota,0.5550622439727106,15,Nebraska,0.004680260084194643,Tennessee,0.0001277870754687882,7,0.14
827,13.921875,0.5066731505425646,0.4933268494574354,0.6669983380982302,0.049275883474293014,South Dakota,0.5550635097946548,15,Nebraska,0.0046806436210520275,Tennessee,0.00012711615017602096,7,0.14
828,13.9375,0.5066688636210971,0.49333113637890286,0.6669996748794902,0.0492757981017824,South Dakota,0.5550647749748108,15,Nebraska,0.0046810269619513845,Tennessee,0.00012644556798890871,7,0.14
829,13.953125,0.5066645788805624,0.49333542111943757,0.6670010109752484,0.04927571277258491,South Dakota,0.5550660395077208,15,Nebraska,0.004681410105241479,Tennessee,0.0001257753317959187,7,0.14
830,13.96875,0.5066602963392717,0.4933397036607283,0.6670023463798037,0.04927562748706582,South Dakota,0.5550673033879862,15,Nebraska,0.0046817930492890625,Tennessee,0.00012510544445387684,7,0.14
831,13.984375,0.5066560160153374,0.4933439839846626,0.6670036810875161,0.049275542245585946,South Dakota,0.555068566610267,15,Nebraska,0.004682175792478316,Tennessee,0.00012443590878818966,7,0.14
832,14.0,0.5066517379266746,0.4933482620733254,0.667005015092808,0.049275457048502225,South Dakota,0.5550698291692822,15,Nebraska,0.004682558333211184,Tennessee,0.00012376672759417673,7,0.14
833,14.015625,0.5066474620910033,0.4933525379089967,0.667006348390162,0.049275371896167486,South Dakota,0.5550710910598072,15,Nebraska,0.004682940669907487,Tennessee,0.00012309790363562723,7,0.14
834,14.03125,0.5066431885258501,0.49335681147414995,0.6670076809741221,0.04927528678893123,South Dakota,0.5550723522766761,15,Nebraska,0.00468332280100392,Tennessee,0.0001224294396466874,7,0.14
835,14.046875,0.5066389172485491,0.4933610827514508,0.6670090128392915,0.04927520172713895,South Dakota,0.5550736128147777,15,Nebraska,0.00468370472495494,Tennessee,0.00012176133833030622,7,0.14
836,14.0625,0.5066346482762452,0.49336535172375484,0.667010343980333,0.04927511671113194,South Dakota,0.5550748726690591,15,Nebraska,0.00468408644023155,Tennessee,0.00012109360236089994,7,0.14
837,14.078125,0.5066303816258939,0.49336961837410614,0.6670116743919682,0.049275031741248365,South Dakota,0.5550761318345218,15,Nebraska,0.004684467945321846,Tennessee,0.00012042623438290878,7,0.14
838,14.09375,0.5066261173142643,0.4933738826857357,0.667013004068977,0.049274946817822185,South Dakota,0.5550773903062227,15,Nebraska,0.004684849238730471,Tennessee,0.00011975923701124103,7,0.14
839,14.109375,0.5066218553579407,0.4933781446420593,0.6670143330061972,0.04927486194118391,South Dakota,0.5550786480792737,15,Nebraska,0.004685230318978828,Tennessee,0.00011909261283182815,7,0.14
840,14.125,0.5066175957733233,0.4933824042266766,0.6670156611985237,0.049274777111660284,South Dakota,0.5550799051488402,15,Nebraska,0.004685611184604976,Tennessee,0.00011842636440206888,7,0.14
841,14.140625,0.506613338576631,0.49338666142336896,0.6670169886409087,0.04927469232957471,South Dakota,0.5550811615101423,15,Nebraska,0.00468599183416285,Tennessee,0.00011776049425038515,7,0.14
842,14.15625,0.5066090837839022,0.4933909162160978,0.6670183153283601,0.04927460759524671,South Dakota,0.5550824171584527,15,Nebraska,0.004686372266222705,Tennessee,0.00011709500487788738,7,0.14
843,14.171875,0.5066048314109967,0.4933951685890034,0.6670196412559416,0.04927452290899226,South Dakota,0.5550836720890968,15,Nebraska,0.004686752479371004,Tennessee,0.00011642989875648713,7,0.14
844,14.1875,0.5066005814735971,0.4933994185264029,0.6670209664187725,0.04927443827112388,South Dakota,0.5550849262974527,15,Nebraska,0.004687132472209643,Tennessee,0.00011576517833100652,7,0.14
845,14.203125,0.5065963339872109,0.49340366601278907,0.6670222908120267,0.049274353681950656,South Dakota,0.5550861797789498,15,Nebraska,0.0046875122433567284,Tennessee,0.00011510084601884518,7,0.14
846,14.21875,0.5065920889671716,0.4934079110328285,0.6670236144309324,0.049274269141778126,South Dakota,0.5550874325290696,15,Nebraska,0.004687891791445575,Tennessee,0.00011443690421009123,7,0.14
847,14.234375,0.5065878464286397,0.4934121535713602,0.6670249372707717,0.04927418465090849,South Dakota,0.5550886845433438,15,Nebraska,0.004688271115125264,Tennessee,0.00011377335526729926,7,0.14
848,14.25,0.5065836063866059,0.49341639361339407,0.6670262593268801,0.049274100209640515,South Dakota,0.5550899358173551,15,Nebraska,0.004688650213059642,Tennessee,0.00011311020152671158,7,0.14
849,14.265625,0.5065793688558909,0.4934206311441091,0.6670275805946457,0.04927401581826962,South Dakota,0.5550911863467358,15,Nebraska,0.004689029083928542,Tennessee,0.00011244744529792516,7,0.14
850,14.28125,0.5065751338511476,0.49342486614885234,0.6670289010695091,0.049273931477087474,South Dakota,0.5550924361271681,15,Nebraska,0.004689407726425898,Tennessee,0.00011178508886433569,7,0.14
851,14.296875,0.5065709013868628,0.4934290986131373,0.667030220746963,0.04927384718638317,South Dakota,0.5550936851543831,15,Nebraska,0.004689786139261631,Tennessee,0.0001111231344831376,7,0.14
852,14.3125,0.5065666714773581,0.4934333285226418,0.6670315396225515,0.049273762946441924,South Dakota,0.5550949334241605,15,Nebraska,0.00469016432115954,Tennessee,0.0001104615843855461,7,0.14
853,14.328125,0.5065624441367922,0.4934375558632078,0.6670328576918695,0.04927367875754596,South Dakota,0.5550961809323289,15,Nebraska,0.004690542270858189,Tennessee,0.00010980044077757434,7,0.14
854,14.34375,0.5065582193791612,0.49344178062083865,0.6670341749505626,0.04927359461997449,South Dakota,0.555097427674764,15,Nebraska,0.004690919987110798,Tennessee,0.0001091397058394783,7,0.14
855,14.359375,0.5065539972183015,0.4934460027816985,0.6670354913943269,0.04927351053400286,South Dakota,0.5550986736473893,15,Nebraska,0.0046912974686853515,Tennessee,0.00010847938172631189,7,0.14
856,14.375,0.5065497776678897,0.49345022233211033,0.6670368070189074,0.04927342649990407,South Dakota,0.555099918846175,15,Nebraska,0.004691674714363603,Tennessee,0.00010781947056848207,7,0.14
857,14.390625,0.5065455607414449,0.4934544392585552,0.667038121820099,0.04927334251794713,South Dakota,0.5551011632671382,15,Nebraska,0.004692051722941626,Tennessee,0.00010715997447141579,7,0.14
858,14.40625,0.50654134645233,0.49345865354767016,0.6670394357937453,0.04927325858839904,South Dakota,0.5551024069063423,15,Nebraska,0.0046924284932291505,Tennessee,0.00010650089551644815,7,0.14
859,14.421875,0.5065371348137527,0.49346286518624716,0.6670407489357374,0.04927317471152237,South Dakota,0.5551036497598956,15,Nebraska,0.004692805024050228,Tennessee,0.00010584223576015628,7,0.14
860,14.4375,0.506532925838768,0.4934670741612321,0.6670420612420157,0.0492730908875777,South Dakota,0.555104891823953,15,Nebraska,0.004693181314242567,Tennessee,0.00010518399723524752,7,0.14
861,14.453125,0.5065287195402776,0.4934712804597224,0.6670433727085671,0.04927300711682214,South Dakota,0.5551061330947129,15,Nebraska,0.004693557362657419,Tennessee,0.00010452618195044838,7,0.14
862,14.46875,0.506524515931033,0.49347548406896696,0.6670446833314261,0.04927292339950984,South Dakota,0.5551073735684198,15,Nebraska,0.004693933168159581,Tennessee,0.00010386879189128173,7,0.14
863,14.484375,0.5065203150236363,0.4934796849763638,0.6670459931066736,0.049272839735891916,South Dakota,0.555108613241361,15,Nebraska,0.004694308729627283,Tennessee,0.00010321182901917858,7,0.14
864,14.5,0.5065161168305409,0.4934838831694591,0.6670473020304366,0.04927275612621673,South Dakota,0.5551098521098686,15,Nebraska,0.004694684045951747,Tennessee,0.00010255529527325447,7,0.14
865,14.515625,0.5065119213640538,0.4934880786359461,0.6670486100988886,0.04927267257072965,South Dakota,0.5551110901703173,15,Nebraska,0.004695059116037736,Tennessee,0.00010189919256842206,7,0.14
866,14.53125,0.5065077286363363,0.49349227136366364,0.6670499173082478,0.0492725890696728,South Dakota,0.5551123274191254,15,Nebraska,0.004695433938803006,Tennessee,0.00010124352279772264,7,0.14
867,14.546875,0.5065035386594053,0.4934964613405946,0.6670512236547781,0.04927250562328622,South Dakota,0.5551135638527532,15,Nebraska,0.004695808513178412,Tennessee,0.00010058828783121587,7,0.14
868,14.5625,0.5064993514451349,0.4935006485548651,0.6670525291347873,0.04927242223180617,South Dakota,0.5551147994677039,15,Nebraska,0.004696182838106577,Tennessee,9.993348951686798e-05,7,0.14
869,14.578125,0.5064951670052573,0.4935048329947427,0.6670538337446281,0.04927233889546678,South Dakota,0.5551160342605219,15,Nebraska,0.004696556912544225,Tennessee,9.927912967966357e-05,7,0.14
870,14.59375,0.5064909853513642,0.4935090146486359,0.6670551374806969,0.049272255614499216,South Dakota,0.5551172682277938,15,Nebraska,0.004696930735459515,Tennessee,9.862521012360403e-05,7,0.14
871,14.609375,0.506486806494908,0.4935131935050921,0.6670564403394331,0.04927217238913151,South Dakota,0.5551185013661465,15,Nebraska,0.00469730430583426,Tennessee,9.797173263004222e-05,7,0.14
872,14.625,0.5064826304472032,0.49351736955279685,0.6670577423173198,0.049272089219589366,South Dakota,0.5551197336722485,15,Nebraska,0.004697677622661267,Tennessee,9.73186989591257e-05,7,0.14
873,14.640625,0.5064784572194275,0.4935215427805724,0.6670590434108826,0.04927200610609561,South Dakota,0.5551209651428082,15,Nebraska,0.004698050684946442,Tennessee,9.666611084957477e-05,7,0.14
874,14.65625,0.5064742868226232,0.4935257131773768,0.6670603436166891,0.0492719230488704,South Dakota,0.5551221957745739,15,Nebraska,0.004698423491708348,Tennessee,9.60139700182383e-05,7,0.14
875,14.671875,0.5064701192676976,0.4935298807323023,0.6670616429313494,0.04927184004813123,South Dakota,0.555123425564334,15,Nebraska,0.004698796041976205,Tennessee,9.536227816198117e-05,7,0.14
876,14.6875,0.5064659545654255,0.4935340454345745,0.6670629413515149,0.04927175710409293,South Dakota,0.5551246545089163,15,Nebraska,0.004699168334792003,Tennessee,9.471103695612992e-05,7,0.14
877,14.703125,0.5064617927264491,0.4935382072735509,0.6670642388738779,0.049271674216967765,South Dakota,0.5551258826051871,15,Nebraska,0.004699540369209498,Tennessee,9.40602480551389e-05,7,0.14
878,14.71875,0.5064576337612801,0.49354236623871994,0.667065535495172,0.04927159138696491,South Dakota,0.5551271098500519,15,Nebraska,0.004699912144294105,Tennessee,9.34099130937005e-05,7,0.14
879,14.734375,0.5064534776803002,0.4935465223196997,0.6670668312121711,0.04927150861429186,South Dakota,0.5551283362404537,15,Nebraska,0.004700283659122895,Tennessee,9.276003368519081e-05,7,0.14
880,14.75,0.5064493244937629,0.49355067550623716,0.6670681260216895,0.0492714258991529,South Dakota,0.5551295617733745,15,Nebraska,0.0047006549127847075,Tennessee,9.211061142355703e-05,7,0.14
881,14.765625,0.5064451742117938,0.4935548257882061,0.6670694199205807,0.049271343241749754,South Dakota,0.5551307864458331,15,Nebraska,0.004701025904378819,Tennessee,9.146164788298439e-05,7,0.14
882,14.78125,0.5064410268443927,0.49355897315560726,0.6670707129057382,0.049271260642282155,South Dakota,0.5551320102548862,15,Nebraska,0.004701396633016941,Tennessee,9.081314461700796e-05,7,0.14
883,14.796875,0.5064368824014338,0.49356311759856614,0.667072004974094,0.04927117810094661,South Dakota,0.5551332331976271,15,Nebraska,0.004701767097821219,Tennessee,9.016510316028903e-05,7,0.14
884,14.8125,0.5064327408926674,0.49356725910733257,0.6670732961226195,0.04927109561793763,South Dakota,0.5551344552711858,15,Nebraska,0.00470213729792579,Tennessee,8.951752502783794e-05,7,0.14
885,14.828125,0.5064286023277208,0.49357139767227926,0.667074586348324,0.04927101319344762,South Dakota,0.5551356764727287,15,Nebraska,0.004702507232474562,Tennessee,8.887041171501409e-05,7,0.14
886,14.84375,0.5064244667160992,0.49357553328390075,0.6670758756482549,0.04927093082766554,South Dakota,0.5551368967994579,15,Nebraska,0.004702876900623543,Tennessee,8.822376469874715e-05,7,0.14
887,14.859375,0.5064203340671872,0.4935796659328127,0.6670771640194973,0.04927084852077879,South Dakota,0.5551381162486118,15,Nebraska,0.004703246301539066,Tennessee,8.757758543675997e-05,7,0.14
888,14.875,0.5064162043902497,0.4935837956097503,0.6670784514591741,0.04927076627297222,South Dakota,0.5551393348174635,15,Nebraska,0.004703615434397901,Tennessee,8.693187536756852e-05,7,0.14
889,14.890625,0.5064120776944325,0.4935879223055674,0.6670797379644446,0.04927068408442814,South Dakota,0.5551405525033215,15,Nebraska,0.00470398429838792,Tennessee,8.628663591170316e-05,7,0.14
890,14.90625,0.5064079539887641,0.4935920460112358,0.6670810235325054,0.04927060195532673,South Dakota,0.5551417693035293,15,Nebraska,0.00470435289270732,Tennessee,8.564186847137556e-05,7,0.14
891,14.921875,0.5064038332821563,0.49359616671784373,0.667082308160589,0.0492705198858453,South Dakota,0.5551429852154642,15,Nebraska,0.004704721216564844,Tennessee,8.499757442959055e-05,7,0.14
892,14.9375,0.506399715583405,0.4936002844165949,0.6670835918459641,0.04927043787615959,South Dakota,0.5551442002365382,15,Nebraska,0.00470508926917923,Tennessee,8.435375515236654e-05,7,0.14
893,14.953125,0.5063956009011922,0.4936043990988078,0.6670848745859357,0.04927035592644302,South Dakota,0.5551454143641967,15,Nebraska,0.004705457049779982,Tennessee,8.371041198707019e-05,7,0.14
894,14.96875,0.5063914892440854,0.4936085107559145,0.6670861563778432,0.04927027403686601,South Dakota,0.5551466275959189,15,Nebraska,0.004705824557606597,Tennessee,8.306754626330459e-05,7,0.14
895,14.984375,0.5063873806205405,0.4936126193794596,0.6670874372190622,0.04927019220759732,South Dakota,0.5551478399292175,15,Nebraska,0.004706191791908343,Tennessee,8.242515929368643e-05,7,0.14
896,15.0,0.5063832750389009,0.4936167249610991,0.6670887171070022,0.04927011043880347,South Dakota,0.5551490513616372,15,Nebraska,0.004706558751944923,Tennessee,8.178325237251372e-05,7,0.14
897,15.015625,0.5063791725074002,0.49362082749259983,0.6670899960391081,0.049270028730648896,South Dakota,0.5551502618907563,15,Nebraska,0.004706925436985587,Tennessee,8.114182677732007e-05,7,0.14
898,15.03125,0.506375073034162,0.49362492696583815,0.6670912740128583,0.04926994708329502,South Dakota,0.5551514715141853,15,Nebraska,0.00470729184630958,Tennessee,8.050088376809761e-05,7,0.14
899,15.046875,0.5063709766272011,0.493629023372799,0.6670925510257651,0.049269865496902265,South Dakota,0.5551526802295663,15,Nebraska,0.004707657979206026,Tennessee,7.986042458829612e-05,7,0.14
900,15.0625,0.5063668832944249,0.4936331167055751,0.6670938270753751,0.04926978397162829,South Dakota,0.5551538880345737,15,Nebraska,0.004708023834973374,Tennessee,7.922045046404591e-05,7,0.14
901,15.078125,0.5063627930436342,0.4936372069563658,0.6670951021592676,0.04926970250762852,South Dakota,0.5551550949269131,15,Nebraska,0.004708389412919622,Tennessee,7.858096260493497e-05,7,0.14
902,15.09375,0.5063587058825235,0.4936412941174765,0.6670963762750549,0.049269621105056505,South Dakota,0.5551563009043214,15,Nebraska,0.0047087547123626505,Tennessee,7.794196220411997e-05,7,0.14
903,15.109375,0.5063546218186828,0.49364537818131715,0.6670976494203822,0.049269539764063675,South Dakota,0.5551575059645668,15,Nebraska,0.004709119732629219,Tennessee,7.730345043799325e-05,7,0.14
904,15.125,0.5063505408595982,0.49364945914040187,0.6670989215929273,0.04926945848479958,South Dakota,0.5551587101054479,15,Nebraska,0.004709484473055636,Tennessee,7.666542846718194e-05,7,0.14
905,15.140625,0.5063464630126524,0.49365353698734754,0.6671001927903997,0.049269377267411096,South Dakota,0.5551599133247934,15,Nebraska,0.004709848932987537,Tennessee,7.602789743577087e-05,7,0.14
906,15.15625,0.5063423882851265,0.4936576117148736,0.6671014630105411,0.04926929611204378,South Dakota,0.5551611156204628,15,Nebraska,0.004710213111779549,Tennessee,7.539085847196869e-05,7,0.14
907,15.171875,0.5063383166841997,0.49366168331580024,0.6671027322511248,0.04926921501884096,South Dakota,0.5551623169903449,15,Nebraska,0.004710577008795291,Tennessee,7.475431268821886e-05,7,0.14
908,15.1875,0.5063342482169518,0.4936657517830482,0.6671040005099552,0.049269133987943525,South Dakota,0.5551635174323586,15,Nebraska,0.0047109406234076,Tennessee,7.411826118108866e-05,7,0.14
909,15.203125,0.5063301828903624,0.49366981710963764,0.6671052677848678,0.04926905301949103,South Dakota,0.5551647169444518,15,Nebraska,0.0047113039549976365,Tennessee,7.348270503171328e-05,7,0.14
910,15.21875,0.5063261207113127,0.4936738792886874,0.6671065340737289,0.04926897211362069,South Dakota,0.5551659155246017,15,Nebraska,0.004711667002956554,Tennessee,7.284764530568477e-05,7,0.14
911,15.234375,0.5063220616865864,0.49367793831341356,0.6671077993744351,0.04926889127046785,South Dakota,0.555167113170814,15,Nebraska,0.004712029766682946,Tennessee,7.221308305327412e-05,7,0.14
912,15.25,0.5063180058228703,0.49368199417712966,0.6671090636849135,0.04926881049016618,South Dakota,0.5551683098811238,15,Nebraska,0.004712392245584729,Tennessee,7.157901931020838e-05,7,0.14
913,15.265625,0.5063139531267553,0.49368604687324474,0.6671103270031209,0.04926872977284669,South Dakota,0.5551695056535935,15,Nebraska,0.0047127544390783704,Tennessee,7.094545509600536e-05,7,0.14
914,15.28125,0.5063099036047369,0.4936900963952631,0.6671115893270438,0.049268649118639374,South Dakota,0.5551707004863141,15,Nebraska,0.004713116346588886,Tennessee,7.031239141619405e-05,7,0.14
915,15.296875,0.5063058572632166,0.49369414273678336,0.6671128506546983,0.04926856852767203,South Dakota,0.5551718943774047,15,Nebraska,0.004713477967549395,Tennessee,6.967982926164851e-05,7,0.14
916,15.3125,0.5063018141085024,0.49369818589149767,0.6671141109841294,0.04926848800007022,South Dakota,0.5551730873250115,15,Nebraska,0.00471383930140179,Tennessee,6.904776960803272e-05,7,0.14
917,15.328125,0.5062977741468094,0.49370222585319057,0.6671153703134112,0.04926840753595829,South Dakota,0.5551742793273082,15,Nebraska,0.004714200347596065,Tennessee,6.84162134166888e-05,7,0.14
918,15.34375,0.5062937373842613,0.49370626261573863,0.6671166286406462,0.04926832713545837,South Dakota,0.5551754703824956,15,Nebraska,0.00471456110559032,Tennessee,6.778516163463699e-05,7,0.14
919,15.359375,0.5062897038268905,0.4937102961731094,0.6671178859639657,0.04926824679869091,South Dakota,0.5551766604888015,15,Nebraska,0.004714921574851094,Tennessee,6.71546151947977e-05,7,0.14
920,15.375,0.5062856734806395,0.4937143265193605,0.6671191422815287,0.04926816652577426,South Dakota,0.5551778496444804,15,Nebraska,0.004715281754852696,Tennessee,6.652457501576947e-05,7,0.14
921,15.390625,0.5062816463513609,0.4937183536486391,0.6671203975915223,0.049268086316825443,South Dakota,0.555179037847813,15,Nebraska,0.0047156416450770955,Tennessee,6.58950420026061e-05,7,0.14
922,15.40625,0.5062776224448192,0.49372237755518084,0.6671216518921612,0.04926800617195981,South Dakota,0.5551802250971056,15,Nebraska,0.004716001245015811,Tennessee,6.526601704537338e-05,7,0.14
923,15.421875,0.5062736017666908,0.4937263982333092,0.6671229051816875,0.04926792609129005,South Dakota,0.5551814113906917,15,Nebraska,0.004716360554166132,Tennessee,6.463750102181365e-05,7,0.14
924,15.4375,0.5062695843225651,0.49373041567743486,0.6671241574583703,0.04926784607492818,South Dakota,0.5551825967269293,15,Nebraska,0.004716719572034234,Tennessee,6.400949479501428e-05,7,0.14
925,15.453125,0.5062655701179453,0.4937344298820547,0.6671254087205061,0.049267766122984114,South Dakota,0.5551837811042026,15,Nebraska,0.004717078298133837,Tennessee,6.338199921518406e-05,7,0.14
926,15.46875,0.506261559158249,0.493738440841751,0.6671266589664173,0.04926768623556543,South Dakota,0.5551849645209207,15,Nebraska,0.004717436731986768,Tennessee,6.275501511854298e-05,7,0.14
927,15.484375,0.506257551448809,0.4937424485511909,0.6671279081944536,0.0492676064127795,South Dakota,0.5551861469755179,15,Nebraska,0.004717794873121184,Tennessee,6.21285433287655e-05,7,0.14
928,15.5,0.5062535469948743,0.49374645300512576,0.6671291564029903,0.049267526654730553,South Dakota,0.5551873284664535,15,Nebraska,0.004718152721074009,Tennessee,6.150258465575931e-05,7,0.14
929,15.515625,0.5062495458016103,0.4937504541983898,0.6671304035904286,0.04926744696152152,South Dakota,0.5551885089922105,15,Nebraska,0.004718510275389276,Tennessee,6.087713989677557e-05,7,0.14
930,15.53125,0.5062455478740999,0.4937544521259,0.6671316497551961,0.04926736733325443,South Dakota,0.5551896885512972,15,Nebraska,0.00471886753561801,Tennessee,6.02522098359648e-05,7,0.14
931,15.546875,0.5062415532173448,0.4937584467826553,0.6671328948957452,0.04926728777002887,South Dakota,0.555190867142246,15,Nebraska,0.004719224501318675,Tennessee,5.9627795244932e-05,7,0.14
932,15.5625,0.5062375618362647,0.49376243816373533,0.6671341390105541,0.0492672082719432,South Dakota,0.5551920447636122,15,Nebraska,0.00471958117205773,Tennessee,5.900389688184848e-05,7,0.14
933,15.578125,0.5062335737356995,0.4937664262643004,0.6671353820981256,0.04926712883909379,South Dakota,0.5551932214139762,15,Nebraska,0.004719937547407627,Tennessee,5.838051549345025e-05,7,0.14
934,15.59375,0.5062295889204096,0.4937704110795904,0.6671366241569878,0.04926704947157612,South Dakota,0.555194397091941,15,Nebraska,0.004720293626949035,Tennessee,5.775765181315062e-05,7,0.14
935,15.609375,0.5062256073950759,0.4937743926049241,0.6671378651856932,0.04926697016948367,South Dakota,0.5551955717961332,15,Nebraska,0.004720649410268729,Tennessee,5.7135306562372534e-05,7,0.14
936,15.625,0.5062216291643014,0.4937783708356986,0.6671391051828184,0.049266890932907814,South Dakota,0.5551967455252024,15,Nebraska,0.004721004896961589,Tennessee,5.6513480450215425e-05,7,0.14
937,15.640625,0.5062176542326116,0.49378234576738833,0.6671403441469649,0.04926681176193948,South Dakota,0.5551979182778213,15,Nebraska,0.004721360086628157,Tennessee,5.589217417356629e-05,7,0.14
938,15.65625,0.506213682604455,0.493786317395545,0.6671415820767576,0.04926673265666737,South Dakota,0.5551990900526851,15,Nebraska,0.004721714978876634,Tennessee,5.527138841732171e-05,7,0.14
939,15.671875,0.5062097142842039,0.4937902857157961,0.6671428189708454,0.04926665361717897,South Dakota,0.5552002608485114,15,Nebraska,0.004722069573321996,Tennessee,5.465112385483195e-05,7,0.14
940,15.6875,0.5062057492761551,0.4937942507238448,0.6671440548279003,0.049266574643559546,South Dakota,0.5552014306640403,15,Nebraska,0.004722423869585768,Tennessee,5.4031381146790736e-05,7,0.14
941,15.703125,0.5062017875845307,0.49379821241546934,0.6671452896466186,0.04926649573589437,South Dakota,0.5552025994980341,15,Nebraska,0.004722777867296246,Tennessee,5.3412160943233644e-05,7,0.14
942,15.71875,0.5061978292134784,0.4938021707865215,0.6671465234257186,0.049266416894265586,South Dakota,0.5552037673492762,15,Nebraska,0.00472313156608839,Tennessee,5.279346388165074e-05,7,0.14
943,15.734375,0.5061938741670726,0.4938061258329273,0.6671477561639423,0.049266338118754915,South Dakota,0.5552049342165728,15,Nebraska,0.00472348496560393,Tennessee,5.217529058865189e-05,7,0.14
944,15.75,0.5061899224493147,0.49381007755068523,0.6671489878600543,0.04926625940944218,South Dakota,0.5552061000987508,15,Nebraska,0.004723838065490704,Tennessee,5.155764167896759e-05,7,0.14
945,15.765625,0.5061859740641339,0.4938140259358661,0.6671502185128414,0.04926618076640599,South Dakota,0.5552072649946589,15,Nebraska,0.0047241908654032105,Tennessee,5.094051775667019e-05,7,0.14
946,15.78125,0.5061820290153879,0.49381797098461216,0.667151448121113,0.049266102189723604,South Dakota,0.5552084289031668,15,Nebraska,0.004724543365002054,Tennessee,5.032391941406367e-05,7,0.14
947,15.796875,0.5061780873068632,0.49382191269313674,0.6671526766837004,0.049266023679470194,South Dakota,0.5552095918231646,15,Nebraska,0.004724895563954834,Tennessee,4.970784723257182e-05,7,0.14
948,15.8125,0.5061741489422765,0.4938258510577236,0.6671539041994573,0.04926594523572059,South Dakota,0.5552107537535642,15,Nebraska,0.004725247461935034,Tennessee,4.909230178284929e-05,7,0.14
949,15.828125,0.5061702139252742,0.4938297860747259,0.6671551306672583,0.04926586685854728,South Dakota,0.5552119146932972,15,Nebraska,0.00472559905862191,Tennessee,4.847728362433745e-05,7,0.14
950,15.84375,0.506166282259434,0.49383371774056595,0.6671563560860002,0.049265788548021994,South Dakota,0.5552130746413155,15,Nebraska,0.0047259503537021574,Tennessee,4.786279330537546e-05,7,0.14
951,15.859375,0.5061623539482654,0.4938376460517347,0.6671575804546012,0.04926571030421467,South Dakota,0.5552142335965919,15,Nebraska,0.0047263013468676895,Tennessee,4.7248831364421484e-05,7,0.14
952,15.875,0.5061584289952091,0.4938415710047908,0.6671588037720001,0.04926563212719448,South Dakota,0.5552153915581188,15,Nebraska,0.00472665203781597,Tennessee,4.663539832838737e-05,7,0.14
953,15.890625,0.5061545074036399,0.4938454925963602,0.6671600260371572,0.04926555401702859,South Dakota,0.555216548524909,15,Nebraska,0.004727002426251237,Tennessee,4.602249471497011e-05,7,0.14
954,15.90625,0.5061505891768646,0.4938494108231354,0.6671612472490533,0.04926547597378339,South Dakota,0.5552177044959936,15,Nebraska,0.004727352511884053,Tennessee,4.541012103009834e-05,7,0.14
955,15.921875,0.506146674318125,0.4938533256818749,0.6671624674066897,0.04926539799752361,South Dakota,0.5552188594704244,15,Nebraska,0.004727702294430314,Tennessee,4.479827776959766e-05,7,0.14
956,15.9375,0.5061427628305971,0.4938572371694029,0.6671636865090884,0.0492653200883123,South Dakota,0.5552200134472726,15,Nebraska,0.0047280517736114636,Tennessee,4.418696542007883e-05,7,0.14
957,15.953125,0.5061388547173917,0.49386114528260827,0.6671649045552914,0.049265242246212426,South Dakota,0.5552211664256275,15,Nebraska,0.004728400949155498,Tennessee,4.357618445693934e-05,7,0.14
958,15.96875,0.5061349499815556,0.49386505001844433,0.667166121544361,0.049265164471284484,South Dakota,0.5552223184045985,15,Nebraska,0.004728749820795408,Tennessee,4.2965935346139794e-05,7,0.14
959,15.984375,0.506131048626072,0.49386895137392794,0.6671673374753788,0.049265086763587984,South Dakota,0.555223469383313,15,Nebraska,0.004729098388270514,Tennessee,4.235621854309368e-05,7,0.14
960,16.0,0.5061271506538607,0.4938728493461392,0.6671685523474469,0.0492650091231821,South Dakota,0.5552246193609174,15,Nebraska,0.004729446651325464,Tennessee,4.1747034493999635e-05,7,0.14
